variavel,importancia
saldo_empregos,0.688542491012202
pib,0.0593350625272466
saldo_empregos_ano_anterior,0.040644299964840515
admissoes,0.04039319238140658
desligamentos,0.03772992135207049
admissoes_ano_anterior,0.03106158184585816
desligamentos_ano_anterior,0.02421832375420139
movimentacoes_total,0.02379930735833246
saldo_sobre_movimentacoes,0.02301854066218872
razao_admissoes_desligamentos,0.019461028694853322
pib_per_capita,0.004855293052858414
crescimento_pib_pct,0.003786737764744452
crescimento_pib_per_capita_pct,0.0031542196291968767
