ano,codigo_ibge,municipio,saldo_empregos,saldo_real_2023,baseline,regressao_linear,ridge,random_forest,erro_rf,erro_absoluto_rf
2022,3500105,Adamantina,650,472.0,650,336.49205624947774,335.1909835752813,618.3435965608465,-146.34359656084655,146.34359656084655
2022,3500204,Adolfo,77,-45.0,77,-17.592684569835,-17.75546260489091,52.664574314574274,-97.66457431457428,97.66457431457428
2022,3500303,Aguaí,382,273.0,382,404.3541473180337,402.6413991476451,571.7766746031746,-298.77667460317457,298.77667460317457
2022,3500402,Águas da Prata,9,56.0,9,50.23711120986377,50.19873312703021,88.83664285714285,-32.83664285714285,32.83664285714285
2022,3500501,Águas de Lindóia,279,212.0,279,150.40141657057586,149.52382329061186,261.56699470899486,-49.566994708994855,49.566994708994855
2022,3500550,Águas de Santa Bárbara,-194,13.0,-194,187.79218558437924,186.73174386102596,61.82146031746029,-48.82146031746029,48.82146031746029
2022,3500600,Águas de São Pedro,74,47.0,74,-98.93032533686733,-100.8229356167808,53.93705844155842,-6.93705844155842,6.93705844155842
2022,3500709,Agudos,828,223.0,828,307.4956195738889,306.3969205948175,545.1735978835981,-322.17359788359806,322.17359788359806
2022,3500758,Alambari,-8,66.0,-8,58.571976117646955,59.32514049795361,51.59859523809525,14.40140476190475,14.40140476190475
2022,3500808,Alfredo Marcondes,-22,22.0,-22,33.56693823138335,33.744414056994856,35.88184788359788,-13.881847883597878,13.881847883597878
2022,3500907,Altair,24,57.0,24,-17.1785214311235,-17.49128859905386,9.85555555555555,47.144444444444446,47.144444444444446
2022,3501004,Altinópolis,-39,149.0,-39,229.0992312967703,228.17381648502715,303.54750264550256,-154.54750264550256,154.54750264550256
2022,3501103,Alto Alegre,29,92.0,29,12.02581845764189,12.210603378320684,36.45126563251562,55.54873436748438,55.54873436748438
2022,3501152,Alumínio,795,33.0,795,-355.8593231134387,-363.5308555855595,456.76079894179895,-423.76079894179895,423.76079894179895
2022,3501202,Álvares Florence,25,-14.0,25,-22.16511869126225,-22.175150906791487,15.767869047619042,-29.767869047619044,29.767869047619044
2022,3501301,Álvares Machado,250,146.0,250,100.51322648176165,101.43780930269395,222.87315476190483,-76.87315476190483,76.87315476190483
2022,3501400,Álvaro de Carvalho,-8,-11.0,-8,56.99989121842668,58.55920279189479,6.726592592592595,-17.726592592592596,17.726592592592596
2022,3501509,Alvinlândia,5,-5.0,5,16.720790371076646,17.53745106018664,7.827784391534394,-12.827784391534394,12.827784391534394
2022,3501608,Americana,3418,369.0,3418,4974.518024282101,4969.375792664912,4730.493051587303,-4361.493051587303,4361.493051587303
2022,3501707,Américo Brasiliense,672,136.0,672,409.92016145496007,407.8150401055932,540.4984586339588,-404.49845863395876,404.49845863395876
2022,3501806,Américo de Campos,-19,41.0,-19,34.027250147563336,34.771326254418,6.290070105820105,34.70992989417989,34.70992989417989
2022,3501905,Amparo,466,280.0,466,1384.9444732169122,1383.3812368502417,732.0278822751321,-452.02788227513213,452.02788227513213
2022,3502002,Analândia,-432,70.0,-432,193.84333532057337,191.96244601820388,-54.78888492063492,124.78888492063493,124.78888492063493
2022,3502101,Andradina,538,972.0,538,990.7713762186647,988.8409287661374,568.6772955747958,403.32270442520417,403.32270442520417
2022,3502200,Angatuba,285,-272.0,285,123.76375342226572,122.60218348948467,380.09312698412685,-652.0931269841269,652.0931269841269
2022,3502309,Anhembi,33,34.0,33,18.965870163673117,19.16272025515059,43.078585978835974,-9.078585978835974,9.078585978835974
2022,3502408,Anhumas,8,-5.0,8,11.585393797222423,12.24909348909523,13.074723544973548,-18.074723544973548,18.074723544973548
2022,3502507,Aparecida,951,809.0,951,169.39643201846422,168.7532950636038,813.4638611111113,-4.463861111111328,4.463861111111328
2022,3502606,Aparecida d'Oeste,76,56.0,76,-46.950563304033494,-47.47605076467198,38.37416269841269,17.62583730158731,17.62583730158731
2022,3502705,Apiaí,185,26.0,185,291.2744275687179,290.17651615953775,295.33610846560845,-269.33610846560845,269.33610846560845
2022,3502754,Araçariguama,698,-353.0,698,156.07927763506746,145.44013050637398,734.0961844636846,-1087.0961844636845,1087.0961844636845
2022,3502804,Araçatuba,2041,2114.0,2041,2917.8609455564574,2916.429901006955,2982.901817460317,-868.901817460317,868.901817460317
2022,3502903,Araçoiaba da Serra,530,370.0,530,243.43991637050647,242.9683180146975,456.6153796296298,-86.61537962962979,86.61537962962979
2022,3503000,Aramina,3,46.0,3,24.444499497418747,24.488497658346432,64.70790211640214,-18.70790211640214,18.70790211640214
2022,3503109,Arandu,75,-156.0,75,50.10701171019355,50.31564370534909,43.65557804232806,-199.65557804232805,199.65557804232805
2022,3503158,Arapeí,14,15.0,14,15.44830326829242,16.41460743935454,9.94834391534392,5.051656084656081,5.051656084656081
2022,3503208,Araraquara,1743,288.0,1743,4948.205578863285,4938.574582107862,5651.736972222224,-5363.736972222224,5363.736972222224
2022,3503307,Araras,1464,291.0,1464,2095.8043167761334,2095.6406658031274,1952.3530144300148,-1661.3530144300148,1661.3530144300148
2022,3503356,Arco-Íris,18,-37.0,18,-18.686467825909858,-18.46910397010356,5.707550264550263,-42.707550264550264,42.707550264550264
2022,3503406,Arealva,-116,-80.0,-116,133.10228079412548,132.80526278351,111.04693783068775,-191.04693783068774,191.04693783068774
2022,3503505,Areias,80,222.0,80,24.198983384572557,25.28566627508667,43.96911904761906,178.03088095238093,178.03088095238093
2022,3503604,Areiópolis,127,120.0,127,71.66247777126807,72.64627247487556,58.721793650793664,61.278206349206336,61.278206349206336
2022,3503703,Ariranha,-406,76.0,-406,-133.93703606992085,-143.32397015246534,-77.3802566137566,153.38025661375661,153.38025661375661
2022,3503802,Artur Nogueira,172,278.0,172,644.5826805146021,643.7962402192167,882.6743320105822,-604.6743320105822,604.6743320105822
2022,3503901,Arujá,1293,1135.0,1293,1622.9090634582356,1624.961641579689,1629.5493082010582,-494.54930820105824,494.54930820105824
2022,3503950,Aspásia,1,4.0,1,5.363386220648636,6.036113812217991,3.3561031746031738,0.6438968253968262,0.6438968253968262
2022,3504008,Assis,784,749.0,784,1412.810510275879,1410.862678794304,499.1651600529102,249.8348399470898,249.8348399470898
2022,3504107,Atibaia,2401,1249.0,2401,2498.984897149701,2495.7154762717273,3036.9760873015866,-1787.9760873015866,1787.9760873015866
2022,3504206,Auriflama,-125,-1.0,-125,192.20237454414246,192.08175593839997,138.7213994708994,-139.7213994708994,139.7213994708994
2022,3504305,Avaí,166,59.0,166,-84.17592999066483,-87.5996597026915,143.37549338624333,-84.37549338624333,84.37549338624333
2022,3504404,Avanhandava,10,195.0,10,152.18068644971584,152.61722986430163,75.8435975228475,119.1564024771525,119.1564024771525
2022,3504503,Avaré,1086,790.0,1086,1283.3305469502536,1280.2416378597918,1181.5350634920633,-391.5350634920633,391.5350634920633
2022,3504602,Bady Bassitt,697,489.0,697,181.33955342479294,180.9102048089834,566.1071111111107,-77.10711111111073,77.10711111111073
2022,3504701,Balbinos,-14,7.0,-14,44.425394505256236,45.72391038834928,1.387328042328042,5.612671957671958,5.612671957671958
2022,3504800,Bálsamo,-634,48.0,-634,396.72494687693836,395.3116971120486,36.875756613756614,11.124243386243386,11.124243386243386
2022,3504909,Bananal,68,24.0,68,43.72184094892964,44.52754849026235,76.93055555555554,-52.93055555555554,52.93055555555554
2022,3505005,Barão de Antonina,30,-36.0,30,28.57574963236425,29.308003367013725,33.68724735449734,-69.68724735449734,69.68724735449734
2022,3505104,Barbosa,1,-19.0,1,72.826677334735,73.31402323002112,88.35510714285721,-107.35510714285721,107.35510714285721
2022,3505203,Bariri,1827,-801.0,1827,-82.0912762122448,-82.91876055454941,785.027753968254,-1586.027753968254,1586.027753968254
2022,3505302,Barra Bonita,609,316.0,609,348.85765709920395,347.4175678935294,618.9811058201055,-302.98110582010554,302.98110582010554
2022,3505351,Barra do Chapéu,40,-86.0,40,15.961221757555222,15.998719128454013,72.17766137566139,-158.1776613756614,158.1776613756614
2022,3505401,Barra do Turvo,59,-21.0,59,27.97052783577692,29.030085077569538,65.83987433862434,-86.83987433862434,86.83987433862434
2022,3505500,Barretos,2081,652.0,2081,1381.2426261552696,1380.8762525301274,1607.0539523809528,-955.0539523809528,955.0539523809528
2022,3505609,Barrinha,463,348.0,463,352.5827749723377,351.61623420347485,430.497142857143,-82.49714285714299,82.49714285714299
2022,3505708,Barueri,16492,4084.0,16492,23887.37209461409,23834.10004190944,48969.324714285714,-44885.324714285714,44885.324714285714
2022,3505807,Bastos,59,16.0,59,257.83509074423125,256.29727994397547,189.34377308802306,-173.34377308802306,173.34377308802306
2022,3505906,Batatais,502,521.0,502,831.0440244595248,829.1302465345593,615.7249126984127,-94.72491269841271,94.72491269841271
2022,3506003,Bauru,5721,4226.0,5721,7396.582507629713,7374.890803850056,8583.860956349205,-4357.860956349205,4357.860956349205
2022,3506102,Bebedouro,745,261.0,745,2112.3221953129814,2103.429564774404,2054.4238486050976,-1793.4238486050976,1793.4238486050976
2022,3506201,Bento de Abreu,54,164.0,54,-221.2455690341012,-225.89770666322192,28.77186507936507,135.22813492063494,135.22813492063494
2022,3506300,Bernardino de Campos,662,762.0,662,-113.46488245055434,-113.7690638371273,186.95044179894177,575.0495582010583,575.0495582010583
2022,3506359,Bertioga,427,590.0,427,768.3099916103117,766.93330923155,778.0172738095237,-188.01727380952366,188.01727380952366
2022,3506409,Bilac,160,27.0,160,-14.470075180170397,-14.794378889005202,0.6686468253968276,26.331353174603173,26.331353174603173
2022,3506508,Birigui,1867,83.0,1867,1451.7249389638382,1447.8801903065205,1540.693944444445,-1457.693944444445,1457.693944444445
2022,3506607,Biritiba Mirim,124,49.0,124,203.43066043169347,203.9391786577405,237.14098412698402,-188.14098412698402,188.14098412698402
2022,3506706,Boa Esperança do Sul,56,145.0,56,121.45512531666077,121.20439175711272,93.53616269841271,51.46383730158729,51.46383730158729
2022,3506805,Bocaina,264,67.0,264,87.03398231462268,86.92265501337022,201.78694841269837,-134.78694841269837,134.78694841269837
2022,3506904,Bofete,-74,136.0,-74,179.80243067581864,179.88498585222362,98.82634620009617,37.17365379990383,37.17365379990383
2022,3507001,Boituva,1154,77.0,1154,967.4187240738656,964.5659240384325,623.1336209716209,-546.1336209716209,546.1336209716209
2022,3507100,Bom Jesus dos Perdões,130,364.0,130,189.38140978126353,186.90877797419432,258.6981350408851,105.30186495911488,105.30186495911488
2022,3507159,Bom Sucesso de Itararé,24,6.0,24,41.181908211699465,42.142253745455946,35.79592195767195,-29.79592195767195,29.79592195767195
2022,3507209,Borá,129,49.0,129,-259.21460366913425,-264.7752393205128,48.8993134920635,0.10068650793650136,0.10068650793650136
2022,3507308,Boracéia,186,185.0,186,-286.28447727321395,-292.7044153636614,57.44570634920636,127.55429365079364,127.55429365079364
2022,3507407,Borborema,-27,167.0,-27,148.66293154002256,148.02953758566673,113.29443530543527,53.70556469456473,53.70556469456473
2022,3507456,Borebi,93,-6.0,93,-20.38030004300481,-20.221053265378032,17.49341774891775,-23.49341774891775,23.49341774891775
2022,3507506,Botucatu,1743,1719.0,1743,2342.479333887536,2336.8976527798604,2401.065063492064,-682.0650634920639,682.0650634920639
2022,3507605,Bragança Paulista,2249,1187.0,2249,3020.3965385577294,3014.44726810272,3910.391400793651,-2723.391400793651,2723.391400793651
2022,3507704,Braúna,2,3.0,2,42.43981484275923,43.225278950014285,49.09358068783069,-46.09358068783069,46.09358068783069
2022,3507753,Brejo Alegre,-1,43.0,-1,-11.32532814325532,-11.115540238778294,7.358826599326601,35.641173400673395,35.641173400673395
2022,3507803,Brodowski,61,145.0,61,327.4421937397758,326.4127817744993,242.12270634920628,-97.12270634920628,97.12270634920628
2022,3507902,Brotas,298,91.0,298,257.359425588706,255.56469733720883,447.3852103174604,-356.3852103174604,356.3852103174604
2022,3508009,Buri,301,-314.0,301,251.91218580497423,250.69094386279448,433.1040436507938,-747.1040436507938,747.1040436507938
2022,3508108,Buritama,233,620.0,233,31.67962572450051,31.920450234919826,135.58090476190478,484.4190952380952,484.4190952380952
2022,3508207,Buritizal,-13,59.0,-13,-4.007092808621337,-6.371725956666523,56.308587301587295,2.691412698412705,2.691412698412705
2022,3508306,Cabrália Paulista,-19,53.0,-19,55.95960643157696,56.04379061367786,84.35925000000003,-31.35925000000003,31.35925000000003
2022,3508405,Cabreúva,1161,1396.0,1161,741.0478238079596,739.2842616053409,775.8702817460314,620.1297182539686,620.1297182539686
2022,3508504,Caçapava,-61,-1051.0,-61,1472.3595191764798,1473.468148964924,1086.562960317461,-2137.562960317461,2137.562960317461
2022,3508603,Cachoeira Paulista,176,98.0,176,152.46356697798853,153.60618938133655,244.86678306878312,-146.86678306878312,146.86678306878312
2022,3508702,Caconde,77,57.0,77,121.58410937926965,121.95199615150023,91.65132539682543,-34.65132539682543,34.65132539682543
2022,3508801,Cafelândia,254,111.0,254,112.15485447885908,111.23638738911006,259.6866746031745,-148.68667460317448,148.68667460317448
2022,3508900,Caiabu,23,11.0,23,25.567162941560355,26.645655847471517,26.910373015872995,-15.910373015872995,15.910373015872995
2022,3509007,Caieiras,535,153.0,535,1365.9293497764943,1365.502342569046,952.4167770562769,-799.4167770562769,799.4167770562769
2022,3509106,Caiuá,20,10.0,20,42.90635082353424,44.15183964843004,25.33919047619047,-15.33919047619047,15.33919047619047
2022,3509205,Cajamar,-543,2389.0,-543,5531.829345559241,5530.657625285428,5983.29700793651,-3594.2970079365105,3594.2970079365105
2022,3509254,Cajati,-323,219.0,-323,559.0581801990209,556.1651760207105,661.2503055555555,-442.25030555555554,442.25030555555554
2022,3509304,Cajobi,103,87.0,103,46.87180416978822,47.719328581737955,69.25331349206351,17.746686507936488,17.746686507936488
2022,3509403,Cajuru,124,195.0,124,281.8307204413868,281.033314315436,194.05530158730164,0.944698412698358,0.944698412698358
2022,3509452,Campina do Monte Alegre,44,30.0,44,3.045003241553786,3.421267059474303,112.40030952380951,-82.40030952380951,82.40030952380951
2022,3509502,Campinas,14996,13169.0,14996,26755.87022957439,26728.609848550343,58820.58199999998,-45651.58199999998,45651.58199999998
2022,3509601,Campo Limpo Paulista,121,158.0,121,698.520064407039,699.9449895012287,855.6588730158726,-697.6588730158726,697.6588730158726
2022,3509700,Campos do Jordão,901,341.0,901,526.7353340648568,524.6983572074586,453.93543879268884,-112.93543879268884,112.93543879268884
2022,3509809,Campos Novos Paulista,-10,-18.0,-10,-6.286083218611793,-7.5062681322776825,65.6490793650793,-83.6490793650793,83.6490793650793
2022,3509908,Cananéia,43,-3.0,43,72.924505107394,73.71967224924867,86.46293386243389,-89.46293386243389,89.46293386243389
2022,3509957,Canas,3,-38.0,3,39.630212896245894,39.98117204921323,46.64091269841269,-84.64091269841269,84.64091269841269
2022,3510005,Cândido Mota,316,332.0,316,206.76650092484988,205.88023333690592,182.92953968253966,149.07046031746034,149.07046031746034
2022,3510104,Cândido Rodrigues,94,29.0,94,-37.527260417869,-37.96843902982414,37.324752886002884,-8.324752886002884,8.324752886002884
2022,3510153,Canitar,-15,18.0,-15,8.986055072080035,9.046797624383544,35.988148989899,-17.988148989899003,17.988148989899003
2022,3510203,Capão Bonito,286,440.0,286,491.61824835119137,490.8906734827617,536.4839206349208,-96.48392063492076,96.48392063492076
2022,3510302,Capela do Alto,526,201.0,526,401.21189710561305,399.2526897327991,167.09081349206338,33.909186507936624,33.909186507936624
2022,3510401,Capivari,408,651.0,408,694.2265503369327,693.1072794075467,760.799746031746,-109.79974603174605,109.79974603174605
2022,3510500,Caraguatatuba,383,684.0,383,1792.2922407868264,1791.213033793007,1238.8186679894175,-554.8186679894175,554.8186679894175
2022,3510609,Carapicuíba,2532,1494.0,2532,1845.6795131286726,1848.4397860778422,2322.0013090428083,-828.0013090428083,828.0013090428083
2022,3510708,Cardoso,23,7.0,23,43.892074425941814,44.18906771337436,56.83155158730162,-49.83155158730162,49.83155158730162
2022,3510807,Casa Branca,44,42.0,44,392.7507286185087,391.35049629576395,405.74505952380946,-363.74505952380946,363.74505952380946
2022,3510906,Cássia dos Coqueiros,36,-9.0,36,-164.54605921477855,-167.62158633178296,16.2476111111111,-25.2476111111111,25.2476111111111
2022,3511003,Castilho,593,-308.0,593,51.98677118725175,48.97694976306286,395.6041402116403,-703.6041402116402,703.6041402116402
2022,3511102,Catanduva,1789,1563.0,1789,1923.6023594766389,1918.8343016548545,1978.1806719576728,-415.18067195767276,415.18067195767276
2022,3511201,Catiguá,-18,53.0,-18,78.8728683452349,79.31179520817966,94.38569047619048,-41.385690476190476,41.385690476190476
2022,3511300,Cedral,-65,-545.0,-65,427.5380003750373,423.70630097657613,295.61609523809557,-840.6160952380956,840.6160952380956
2022,3511409,Cerqueira César,214,145.0,214,209.79367347459902,208.16133400218473,131.25827380952376,13.741726190476243,13.741726190476243
2022,3511508,Cerquilho,208,484.0,208,733.2096601351951,731.0113879600348,807.5689007936512,-323.5689007936512,323.5689007936512
2022,3511607,Cesário Lange,1776,155.0,1776,-192.92194133419252,-194.5793509719681,1080.7625952380954,-925.7625952380954,925.7625952380954
2022,3511706,Charqueada,146,143.0,146,93.36789462585227,92.99109249688956,194.49360990860995,-51.493609908609955,51.493609908609955
2022,3511904,Clementina,41,199.0,41,35.998879744745636,36.28976846046908,111.11351984126978,87.88648015873022,87.88648015873022
2022,3512001,Colina,978,-239.0,978,-95.88318262078997,-100.18626800232505,363.1143611111113,-602.1143611111113,602.1143611111113
2022,3512100,Colômbia,92,881.0,92,70.0974704964226,66.21583477684953,271.1171322751323,609.8828677248678,609.8828677248678
2022,3512209,Conchal,-42,-13.0,-42,414.58606003071804,413.4674755960018,369.42550204425197,-382.42550204425197,382.42550204425197
2022,3512308,Conchas,117,98.0,117,139.8379567432671,139.64392269973519,224.31734126984128,-126.31734126984128,126.31734126984128
2022,3512407,Cordeirópolis,235,75.0,235,398.86372382958393,391.69392335731504,817.7479476911979,-742.7479476911979,742.7479476911979
2022,3512506,Coroados,158,29.0,158,-60.827246611301234,-61.84148592838915,96.80450396825402,-67.80450396825402,67.80450396825402
2022,3512605,Coronel Macedo,91,68.0,91,-21.716235640864852,-21.73573670278961,40.184535714285694,27.815464285714306,27.815464285714306
2022,3512704,Corumbataí,33,-30.0,33,-148.73896807492383,-152.13304208427644,44.49619444444442,-74.49619444444443,74.49619444444443
2022,3512803,Cosmópolis,471,66.0,471,555.2850369501856,555.0588202118042,596.0235674603177,-530.0235674603177,530.0235674603177
2022,3512902,Cosmorama,-121,153.0,-121,23.535418889977336,20.862041063376182,140.7206071428571,12.27939285714291,12.27939285714291
2022,3513009,Cotia,2191,3947.0,2191,5317.161802904509,5314.05601653066,5477.334166666666,-1530.3341666666656,1530.3341666666656
2022,3513108,Cravinhos,811,62.0,811,300.11775645065495,298.37783801421403,473.1538637566139,-411.1538637566139,411.1538637566139
2022,3513207,Cristais Paulista,77,75.0,77,17.649416893292937,16.757072553383523,78.05107671957668,-3.0510767195766846,3.0510767195766846
2022,3513306,Cruzália,5,16.0,5,-259.83420181319116,-264.9839805659433,9.406067460317463,6.5939325396825375,6.5939325396825375
2022,3513405,Cruzeiro,568,-250.0,568,641.8798796475709,643.8805843860976,896.0100634920634,-1146.0100634920634,1146.0100634920634
2022,3513504,Cubatão,1222,159.0,1222,3211.4087696662664,3238.5711734369243,1578.8910952380954,-1419.8910952380954,1419.8910952380954
2022,3513603,Cunha,228,178.0,228,60.452156420145684,61.95039900598442,70.38360449735453,107.61639550264547,107.61639550264547
2022,3513702,Descalvado,477,604.0,477,412.6113230271636,410.1356819983928,652.7639933862432,-48.763993386243214,48.763993386243214
2022,3513801,Diadema,2800,1929.0,2800,4915.013403834584,4922.997838261212,4749.604837301588,-2820.6048373015883,2820.6048373015883
2022,3513850,Dirce Reis,-5,62.0,-5,-83.85425351948629,-85.13179168068177,21.230660052910036,40.76933994708996,40.76933994708996
2022,3513900,Divinolândia,150,137.0,150,60.42620981025402,59.967696503334196,124.37574206349203,12.624257936507973,12.624257936507973
2022,3514007,Dobrada,16,11.0,16,60.79897116694258,61.92895207769902,62.016972222222236,-51.016972222222236,51.016972222222236
2022,3514106,Dois Córregos,174,240.0,174,295.21339566462564,294.051639315614,335.53664814814806,-95.53664814814806,95.53664814814806
2022,3514205,Dolcinópolis,-20,-15.0,-20,8.375432549416928,8.64143295552526,14.949388888888892,-29.94938888888889,29.94938888888889
2022,3514304,Dourado,164,3.0,164,-125.49914537298469,-130.5329719281949,266.6163915343915,-263.6163915343915,263.6163915343915
2022,3514403,Dracena,1041,1118.0,1041,308.99641328342693,308.3145550784277,633.7857536075035,484.21424639249653,484.21424639249653
2022,3514502,Duartina,185,-76.0,185,57.54444259505283,57.97033695202185,92.64468518518515,-168.64468518518515,168.64468518518515
2022,3514601,Dumont,125,-81.0,125,8.01957552576232,7.295110898812709,102.43451190476189,-183.4345119047619,183.4345119047619
2022,3514700,Echaporã,149,102.0,149,-10.157234854784292,-9.602558061358422,37.14030952380954,64.85969047619045,64.85969047619045
2022,3514809,Eldorado,200,93.0,200,58.83741215140469,59.46762926716883,86.78453174603173,6.215468253968268,6.215468253968268
2022,3514908,Elias Fausto,472,41.0,472,148.27832077931487,144.40695581892192,529.8586283068781,-488.85862830687813,488.85862830687813
2022,3514924,Elisiário,97,-25.0,97,-4.652290471978404,-4.27854260348613,27.544207431457433,-52.54420743145744,52.54420743145744
2022,3514957,Embaúba,23,-16.0,23,-11.434663736464927,-11.074671368271083,13.630602212602211,-29.630602212602213,29.630602212602213
2022,3515004,Embu das Artes,2435,-32.0,2435,2990.9410869245303,3004.036492502205,2430.4957010582007,-2462.4957010582007,2462.4957010582007
2022,3515103,Embu-Guaçu,255,503.0,255,413.0827140499755,414.22378834047254,519.2859047619048,-16.285904761904817,16.285904761904817
2022,3515129,Emilianópolis,-29,-12.0,-29,16.711303073412864,17.22336638467368,5.2004166666666665,-17.200416666666666,17.200416666666666
2022,3515152,Engenheiro Coelho,199,-25.0,199,144.2086991252063,143.79577337382943,217.42326719576715,-242.42326719576715,242.42326719576715
2022,3515186,Espírito Santo do Pinhal,749,8.0,749,492.906803055787,490.8359285335239,574.0375714285715,-566.0375714285715,566.0375714285715
2022,3515194,Espírito Santo do Turvo,35,119.0,35,24.517009874155974,25.207147947930707,33.888260582010574,85.11173941798943,85.11173941798943
2022,3515202,Estrela d'Oeste,330,-58.0,330,-174.03963706531636,-180.4620856891695,304.10158862433866,-362.10158862433866,362.10158862433866
2022,3515301,Estrela do Norte,40,-28.0,40,10.179533481885983,11.114637281141313,32.85060978835978,-60.85060978835978,60.85060978835978
2022,3515350,Euclides da Cunha Paulista,-70,22.0,-70,90.24165681974796,91.36760733368772,37.943552910052915,-15.943552910052915,15.943552910052915
2022,3515400,Fartura,-18,104.0,-18,218.89027984427992,218.5581650273067,298.6207645502645,-194.62076455026448,194.62076455026448
2022,3515509,Fernandópolis,658,127.0,658,897.689810931446,895.8014026959814,631.8018743386243,-504.8018743386243,504.8018743386243
2022,3515608,Fernando Prestes,51,104.0,51,35.65631586689233,35.07649625824456,45.37337698412699,58.62662301587301,58.62662301587301
2022,3515657,Fernão,13,32.0,13,-73.43015956827026,-74.61136603114664,67.95353042328038,-35.953530423280384,35.953530423280384
2022,3515707,Ferraz de Vasconcelos,164,838.0,164,1332.6659948615238,1335.9763166317985,1005.9261587301592,-167.92615873015916,167.92615873015916
2022,3515806,Flora Rica,21,0.0,21,-30.04234569335199,-29.949457426406752,9.87785582010582,-9.87785582010582,9.87785582010582
2022,3515905,Floreal,12,-13.0,12,-9.062328260931508,-8.855696124184533,23.675596560846557,-36.67559656084656,36.67559656084656
2022,3516002,Flórida Paulista,228,-48.0,228,77.33016512537347,77.83942369243834,112.8299708994709,-160.82997089947088,160.82997089947088
2022,3516101,Florínea,95,-80.0,95,-92.34169479968455,-93.50451721770673,62.3723492063492,-142.3723492063492,142.3723492063492
2022,3516200,Franca,5249,207.0,5249,5719.0733437504205,5697.845403594945,5675.994874338623,-5468.994874338623,5468.994874338623
2022,3516309,Francisco Morato,230,162.0,230,637.1849440460703,639.0653358103069,605.8297539682541,-443.82975396825407,443.82975396825407
2022,3516408,Franco da Rocha,284,597.0,284,1254.7720628949698,1257.560891042832,1051.4826031746034,-454.48260317460336,454.48260317460336
2022,3516507,Gabriel Monteiro,-14,-19.0,-14,-12.514995988009787,-13.145289771197895,25.477552910052903,-44.47755291005291,44.47755291005291
2022,3516606,Gália,24,-14.0,24,64.73935895275281,64.99560283085452,53.03150396825394,-67.03150396825394,67.03150396825394
2022,3516705,Garça,190,677.0,190,536.393778435683,535.2321347219848,476.5964576719574,200.4035423280426,200.4035423280426
2022,3516804,Gastão Vidigal,25,-38.0,25,6.780810494920161,7.3414651267744375,15.037456349206346,-53.037456349206344,53.037456349206344
2022,3516853,Gavião Peixoto,189,423.0,189,-747.1094480323222,-763.2824399878148,52.95107142857144,370.0489285714286,370.0489285714286
2022,3516903,General Salgado,63,-15.0,63,91.61399407525585,91.6545416614523,137.39912169312163,-152.39912169312163,152.39912169312163
2022,3517000,Getulina,98,28.0,98,107.8281744540127,108.23561617049131,109.86644540644537,-81.86644540644537,81.86644540644537
2022,3517109,Glicério,-1,32.0,-1,1.9793686243083357,1.9415259764937218,32.01497222222222,-0.0149722222222195,0.0149722222222195
2022,3517208,Guaiçara,206,118.0,206,52.90025467848625,53.48634885998558,46.44676455026456,71.55323544973544,71.55323544973544
2022,3517307,Guaimbê,-68,-115.0,-68,-105.40960930736992,-108.91670577038713,80.43311243386245,-195.43311243386245,195.43311243386245
2022,3517406,Guaíra,48,-17.0,48,763.7556452346715,760.8025136790836,940.1072698412694,-957.1072698412694,957.1072698412694
2022,3517505,Guapiaçu,380,82.0,380,234.25662711632685,232.76135955733594,455.62651611351595,-373.62651611351595,373.62651611351595
2022,3517604,Guapiara,117,20.0,117,70.38825717807731,70.93321603600384,98.07661111111109,-78.07661111111109,78.07661111111109
2022,3517703,Guará,216,-55.0,216,118.70617465265286,118.26987118978195,209.62293915343918,-264.6229391534392,264.6229391534392
2022,3517802,Guaraçaí,-43,-12.0,-43,36.70995315014693,36.417692796359916,48.60658333333334,-60.60658333333334,60.60658333333334
2022,3517901,Guaraci,28,254.0,28,35.080127163068255,34.521287303430654,88.51105423280423,165.4889457671958,165.4889457671958
2022,3518008,Guarani d'Oeste,29,-26.0,29,30.972286317698945,31.865338311682535,61.45199603174604,-87.45199603174603,87.45199603174603
2022,3518107,Guarantã,-61,-14.0,-61,51.28095771921153,51.21804066022469,78.03160846560847,-92.03160846560847,92.03160846560847
2022,3518206,Guararapes,195,90.0,195,224.60396081165936,224.5880817645807,328.1271812169312,-238.1271812169312,238.1271812169312
2022,3518305,Guararema,677,119.0,677,228.9468133748794,227.87395269840272,586.4094391534388,-467.4094391534388,467.4094391534388
2022,3518404,Guaratinguetá,1080,1383.0,1080,1506.6078215130353,1511.0396539932615,923.7030833333333,459.2969166666667,459.2969166666667
2022,3518503,Guareí,59,-48.0,59,132.8239312209904,133.3582016672293,169.21520370370362,-217.21520370370362,217.21520370370362
2022,3518602,Guariba,831,1277.0,831,231.26852614082247,230.83897569262933,559.1816111111114,717.8183888888886,717.8183888888886
2022,3518701,Guarujá,1099,1483.0,1099,2630.5658980710637,2637.8022654521,2542.386496031745,-1059.386496031745,1059.386496031745
2022,3518800,Guarulhos,18964,13836.0,18964,20122.09732429416,20157.285555149676,42737.46082936509,-28901.46082936509,28901.46082936509
2022,3518859,Guatapará,92,69.0,92,20.137161538649252,20.271424468033274,120.80392063492064,-51.803920634920644,51.803920634920644
2022,3518909,Guzolândia,-25,7.0,-25,39.20885012370832,39.93235466337751,17.383321428571435,-10.383321428571435,10.383321428571435
2022,3519006,Herculândia,103,19.0,103,-0.5139221255515167,-1.2939916947657366,80.82159523809521,-61.82159523809521,61.82159523809521
2022,3519055,Holambra,1767,225.0,1767,118.14613542039615,110.39948868537158,925.223575036075,-700.223575036075,700.223575036075
2022,3519071,Hortolândia,2448,1499.0,2448,3724.7215733613434,3742.6375617358576,3095.8416613756617,-1596.8416613756617,1596.8416613756617
2022,3519105,Iacanga,-83,66.0,-83,33.26428501334158,30.047880261700357,164.0116481481482,-98.0116481481482,98.0116481481482
2022,3519204,Iacri,9,-19.0,9,-0.25106940405362366,-1.3118890295304482,90.58106481481482,-109.58106481481482,109.58106481481482
2022,3519253,Iaras,0,240.0,0,82.40696973942795,82.95080785977098,72.87221428571432,167.12778571428566,167.12778571428566
2022,3519303,Ibaté,536,429.0,536,241.58963655655873,241.08011099631165,473.7362288359789,-44.73622883597892,44.73622883597892
2022,3519402,Ibirá,69,41.0,69,147.644049923877,147.3009484978396,199.5298994708995,-158.5298994708995,158.5298994708995
2022,3519501,Ibirarema,49,109.0,49,41.65248266163917,40.46706578218436,73.16834126984128,35.83165873015872,35.83165873015872
2022,3519600,Ibitinga,224,496.0,224,1143.9522865477898,1139.3456601246844,760.4361795334296,-264.4361795334296,264.4361795334296
2022,3519709,Ibiúna,1068,824.0,1068,546.5074295457719,546.7635571867688,681.4234312169309,142.5765687830691,142.5765687830691
2022,3519808,Icém,24,185.0,24,48.72840465801687,48.88497191308579,91.66775264550265,93.33224735449735,93.33224735449735
2022,3519907,Iepê,40,45.0,40,-71.7363912129465,-73.4168877833697,21.47408862433864,23.52591137566136,23.52591137566136
2022,3520004,Igaraçu do Tietê,-45,136.0,-45,182.67924705625774,183.6816261387969,126.9982023809523,9.001797619047693,9.001797619047693
2022,3520103,Igarapava,166,153.0,166,335.9455637096868,333.9977208694439,503.0358849206352,-350.0358849206352,350.0358849206352
2022,3520202,Igaratá,69,71.0,69,50.73991352853318,51.09557178542161,77.42280952380952,-6.422809523809519,6.422809523809519
2022,3520301,Iguape,218,89.0,218,102.89668304109864,102.69197866054753,378.9838809523812,-289.9838809523812,289.9838809523812
2022,3520400,Ilhabela,177,200.0,177,801.2735887674744,790.7018564619699,490.2510198412699,-290.2510198412699,290.2510198412699
2022,3520426,Ilha Comprida,-104,137.0,-104,-135.98876552301522,-143.42098284874396,148.04065476190468,-11.040654761904676,11.040654761904676
2022,3520442,Ilha Solteira,159,-152.0,159,227.30965833538846,227.2415875394064,323.11022222222215,-475.11022222222215,475.11022222222215
2022,3520509,Indaiatuba,5531,3752.0,5531,5859.99618100113,5868.274077859576,5749.670412698414,-1997.670412698414,1997.670412698414
2022,3520608,Indiana,32,4.0,32,46.20925698174483,47.29442582935508,18.34404497354498,-14.344044973544982,14.344044973544982
2022,3520707,Indiaporã,9,-29.0,9,2.7419661121523404,2.9974331877929217,18.99983682058683,-47.99983682058683,47.99983682058683
2022,3520806,Inúbia Paulista,22,6.0,22,-40.81823496734478,-41.654054111487085,31.160380952380947,-25.160380952380947,25.160380952380947
2022,3520905,Ipaussu,88,-5.0,88,103.19033914636407,102.42498049548976,167.0966851851852,-172.0966851851852,172.0966851851852
2022,3521002,Iperó,421,505.0,421,428.06854130413444,426.761365965541,732.7953677248677,-227.79536772486767,227.79536772486767
2022,3521101,Ipeúna,12,-41.0,12,-243.64274108235736,-251.1688108778876,59.75776190476193,-100.75776190476194,100.75776190476194
2022,3521150,Ipiguá,53,84.0,53,90.23285661111458,90.65638324157521,-16.127259259259247,100.12725925925925,100.12725925925925
2022,3521200,Iporanga,-10,11.0,-10,52.025874213521774,53.24272778444151,20.13363383838384,-9.13363383838384,9.13363383838384
2022,3521309,Ipuã,104,-9.0,104,124.06140343546906,123.6817030037563,232.46858465608477,-241.46858465608477,241.46858465608477
2022,3521408,Iracemápolis,47,413.0,47,304.4923369195361,300.69005296010096,261.1852738095237,151.81472619047628,151.81472619047628
2022,3521507,Irapuã,23,49.0,23,38.301622540794824,38.564382534489596,100.59425132275135,-51.59425132275135,51.59425132275135
2022,3521606,Irapuru,75,12.0,75,16.204903054716624,17.325542237899754,22.98662433862434,-10.986624338624338,10.986624338624338
2022,3521705,Itaberá,144,114.0,144,66.2610554902111,64.8062267687776,325.39631481481473,-211.39631481481473,211.39631481481473
2022,3521804,Itaí,343,-361.0,343,244.8887992176775,243.93780332347728,454.34702513227484,-815.3470251322749,815.3470251322749
2022,3521903,Itajobi,-83,182.0,-83,243.10591321327183,240.81390711496738,176.64276455026453,5.3572354497354695,5.3572354497354695
2022,3522000,Itaju,19,70.0,19,-195.8077702006574,-200.124039634974,-17.142990740740736,87.14299074074074,87.14299074074074
2022,3522109,Itanhaém,502,514.0,502,637.4153591692391,639.1910444157033,786.286556878307,-272.286556878307,272.286556878307
2022,3522158,Itaoca,9,0.0,9,34.54048517983779,35.80032067700358,8.145937710437709,-8.145937710437709,8.145937710437709
2022,3522208,Itapecerica da Serra,470,1126.0,470,1777.980244729416,1776.874498103186,1508.9586997354497,-382.9586997354497,382.9586997354497
2022,3522307,Itapetininga,1848,835.0,1848,2341.583191442281,2337.3315130297196,2321.296492063492,-1486.2964920634922,1486.2964920634922
2022,3522406,Itapeva,804,-36.0,804,1123.3961036764729,1122.521947324665,670.6350436507934,-706.6350436507934,706.6350436507934
2022,3522505,Itapevi,879,-306.0,879,3038.5383378041506,3050.090419926146,2486.4161797739284,-2792.4161797739284,2792.4161797739284
2022,3522604,Itapira,440,281.0,440,1418.2071691764907,1416.1087011845043,566.7852513227514,-285.7852513227514,285.7852513227514
2022,3522653,Itapirapuã Paulista,60,-57.0,60,43.20484139488872,44.50856994869923,35.622485449735464,-92.62248544973546,92.62248544973546
2022,3522703,Itápolis,-179,621.0,-179,734.8732426874158,732.5668583938698,727.6014731842231,-106.6014731842231,106.6014731842231
2022,3522802,Itaporanga,42,50.0,42,97.14622401012105,97.67717116110407,103.31787566137562,-53.31787566137562,53.31787566137562
2022,3522901,Itapuí,200,66.0,200,76.87322488583129,72.8059719706921,217.34492195767209,-151.34492195767209,151.34492195767209
2022,3523008,Itapura,79,1.0,79,-16.314500939762866,-16.448796468639557,57.292493626743614,-56.292493626743614,56.292493626743614
2022,3523107,Itaquaquecetuba,1991,2829.0,1991,3172.7926718840863,3173.0318793895353,2912.8786349206334,-83.87863492063343,83.87863492063343
2022,3523206,Itararé,292,269.0,292,367.0229578891526,367.12449254847866,353.95370105820126,-84.95370105820126,84.95370105820126
2022,3523305,Itariri,-16,49.0,-16,110.61490270539991,111.57298802006494,112.33228174603175,-63.332281746031754,63.332281746031754
2022,3523404,Itatiba,2043,684.0,2043,1995.9888575818936,1996.1445763610602,2036.2721375661374,-1352.2721375661374,1352.2721375661374
2022,3523503,Itatinga,248,-197.0,248,163.270292372943,163.4060329572261,244.33936507936514,-441.33936507936517,441.33936507936517
2022,3523602,Itirapina,-345,486.0,-345,419.7433669342388,413.5326753451769,451.53186760461745,34.468132395382554,34.468132395382554
2022,3523701,Itirapuã,76,40.0,76,10.525957776049836,10.496995848350252,58.95032936507934,-18.95032936507934,18.95032936507934
2022,3523800,Itobi,156,-145.0,156,10.256810608384967,10.404350551059224,68.93630158730161,-213.9363015873016,213.9363015873016
2022,3523909,Itu,1625,318.0,1625,3573.1558823099163,3569.348721978591,4736.0064404761915,-4418.0064404761915,4418.0064404761915
2022,3524006,Itupeva,1924,1133.0,1924,1745.498112977179,1742.7166213207806,1810.4946071428576,-677.4946071428576,677.4946071428576
2022,3524105,Ituverava,258,29.0,258,399.6213979673653,398.89671286475334,716.6000000000003,-687.6000000000003,687.6000000000003
2022,3524204,Jaborandi,13,35.0,13,28.661805098844525,29.055159957908927,24.29923412698413,10.700765873015872,10.700765873015872
2022,3524303,Jaboticabal,262,701.0,262,1235.2391066206026,1232.8607198545824,1011.1101970899468,-310.11019708994684,310.11019708994684
2022,3524402,Jacareí,2081,871.0,2081,4048.947109963783,4056.561595196724,4822.832689153441,-3951.8326891534407,3951.8326891534407
2022,3524501,Jaci,114,222.0,114,-70.9421187331659,-75.43705229457169,218.63083994708995,3.369160052910047,3.369160052910047
2022,3524600,Jacupiranga,39,237.0,39,148.25781597556647,147.91519034059934,173.13007142857143,63.869928571428574,63.869928571428574
2022,3524709,Jaguariúna,1089,1583.0,1089,2035.1002660471709,2033.2400325569179,1908.6044973544974,-325.6044973544974,325.6044973544974
2022,3524808,Jales,301,278.0,301,563.7689944926021,563.1702626622377,839.8858624338624,-561.8858624338624,561.8858624338624
2022,3524907,Jambeiro,-101,-99.0,-101,271.01502635993495,267.0395861211982,48.74039550264548,-147.74039550264547,147.74039550264547
2022,3525003,Jandira,592,573.0,592,1302.387848121061,1304.5831158106614,996.0561917989418,-423.05619179894177,423.05619179894177
2022,3525102,Jardinópolis,215,187.0,215,586.2543042639201,585.0486587534007,657.9563607503608,-470.9563607503608,470.9563607503608
2022,3525201,Jarinu,314,333.0,314,472.69631428299556,471.1953460114331,719.6256388888885,-386.6256388888885,386.6256388888885
2022,3525300,Jaú,1179,484.0,1179,2030.7663112449468,2027.4777792227246,1993.8914060846557,-1509.8914060846557,1509.8914060846557
2022,3525409,Jeriquara,38,-12.0,38,-11.254834432297002,-11.8749590474672,59.50662301587301,-71.506623015873,71.506623015873
2022,3525508,Joanópolis,52,23.0,52,131.35324827408147,131.76596662112456,136.81383862433862,-113.81383862433862,113.81383862433862
2022,3525607,João Ramalho,-38,15.0,-38,33.57180294147793,33.96320551909366,29.250458994709014,-14.250458994709014,14.250458994709014
2022,3525706,José Bonifácio,244,505.0,244,520.5246749538906,518.760996012521,617.9944523809522,-112.99445238095223,112.99445238095223
2022,3525805,Júlio Mesquita,10,-22.0,10,39.901427485043314,41.208992894729136,13.723093915343913,-35.72309391534391,35.72309391534391
2022,3525854,Jumirim,-6,52.0,-6,-92.48495443993511,-96.18880624505255,16.421146825396818,35.57885317460318,35.57885317460318
2022,3525904,Jundiaí,7348,2332.0,7348,14728.496615559223,14759.443551176562,13997.808273809522,-11665.808273809522,11665.808273809522
2022,3526001,Junqueirópolis,325,124.0,325,121.22617711696557,120.62661212730893,195.25061375661375,-71.25061375661375,71.25061375661375
2022,3526100,Juquiá,19,93.0,19,129.98282058866948,130.74732729723792,169.4909117364117,-76.4909117364117,76.4909117364117
2022,3526209,Juquitiba,-45,-142.0,-45,232.88056910261275,233.54530253730059,151.34503571428573,-293.3450357142857,293.3450357142857
2022,3526308,Lagoinha,28,24.0,28,38.94401355607647,40.22577267882525,19.979071428571434,4.020928571428566,4.020928571428566
2022,3526407,Laranjal Paulista,-12,259.0,-12,650.3599850581281,646.3083669453026,718.4600036075033,-459.46000360750327,459.46000360750327
2022,3526506,Lavínia,-1,12.0,-1,51.45343764154347,52.716427806776665,30.032146825396826,-18.032146825396826,18.032146825396826
2022,3526605,Lavrinhas,-2,36.0,-2,44.035151637043555,44.980410256820846,34.00419708994711,1.9958029100528876,1.9958029100528876
2022,3526704,Leme,1058,304.0,1058,1250.6745129460253,1250.2892909434186,651.600448412698,-347.60044841269803,347.60044841269803
2022,3526803,Lençóis Paulista,2640,4160.0,2640,923.046384157534,920.4427756840784,1285.8895674603173,2874.1104325396827,2874.1104325396827
2022,3526902,Limeira,4818,1434.0,4818,5070.767756626505,5069.293886522895,5671.25601984127,-4237.25601984127,4237.25601984127
2022,3527009,Lindóia,59,154.0,59,19.052317980155294,17.94271765109579,124.02889682539683,29.971103174603172,29.971103174603172
2022,3527108,Lins,92,1374.0,92,1754.634496634906,1755.3071249446311,1546.1606970899468,-172.16069708994678,172.16069708994678
2022,3527207,Lorena,1040,727.0,1040,665.4728126630366,667.5342925469067,725.4991031746034,1.5008968253965804,1.5008968253965804
2022,3527256,Lourdes,3,11.0,3,10.724645867001527,11.530751057316365,2.831707671957672,8.168292328042329,8.168292328042329
2022,3527306,Louveira,-465,686.0,-465,1952.8103176838015,1954.8485142525005,697.9433571428569,-11.94335714285694,11.94335714285694
2022,3527405,Lucélia,-2572,-1263.0,-2572,1934.6656828680734,1925.7672562853606,51.22375264550264,-1314.2237526455026,1314.2237526455026
2022,3527504,Lucianópolis,263,-40.0,263,-38.71189314119647,-38.85365483134797,-88.28183465608461,48.28183465608461,48.28183465608461
2022,3527603,Luís Antônio,631,688.0,631,-55.24708399897463,-63.59600362415085,494.59033718133736,193.40966281866264,193.40966281866264
2022,3527702,Luiziânia,5,19.0,5,40.364834303397856,41.28555749628458,22.600066137566138,-3.600066137566138,3.600066137566138
2022,3527801,Lupércio,-15,18.0,-15,34.65886392467155,35.24677527995959,17.575268518518527,0.4247314814814729,0.4247314814814729
2022,3527900,Lutécia,-16,6.0,-16,-23.838682879287717,-24.194887380665705,11.13744708994709,-5.13744708994709,5.13744708994709
2022,3528007,Macatuba,42,-15.0,42,173.53322959430318,172.93914999962203,261.4512936507936,-276.4512936507936,276.4512936507936
2022,3528106,Macaubal,51,-15.0,51,76.17139472065355,76.14756409776237,51.72783333333334,-66.72783333333334,66.72783333333334
2022,3528205,Macedônia,30,-31.0,30,16.582579941803033,17.29244569613229,8.867960317460318,-39.867960317460316,39.867960317460316
2022,3528304,Magda,-30,24.0,-30,-8.27461669981767,-8.72892760044033,41.90379497354499,-17.90379497354499,17.90379497354499
2022,3528403,Mairinque,299,-105.0,299,691.7552621371324,690.3923782689477,812.5099920634923,-917.5099920634923,917.5099920634923
2022,3528502,Mairiporã,472,444.0,472,873.6036509196879,872.8124117001572,786.165556878307,-342.16555687830703,342.16555687830703
2022,3528601,Manduri,84,-53.0,84,99.95880590560625,99.6536011248337,112.73021693121687,-165.7302169312169,165.7302169312169
2022,3528700,Marabá Paulista,2,-46.0,2,6.079242064991604,6.316576128344423,13.840863275613271,-59.84086327561327,59.84086327561327
2022,3528809,Maracaí,65,123.0,65,10.646782760557471,8.223888955102893,88.20585714285717,34.79414285714283,34.79414285714283
2022,3528858,Marapoama,30,266.0,30,54.51023641653296,53.50022849434504,-47.006753968253975,313.006753968254,313.006753968254
2022,3528908,Mariápolis,0,14.0,0,29.8391336345087,30.83273363184435,12.467833333333328,1.5321666666666722,1.5321666666666722
2022,3529005,Marília,355,1797.0,355,4550.910444156176,4542.049732796857,5059.84000793651,-3262.84000793651,3262.84000793651
2022,3529104,Marinópolis,3,7.0,3,9.101684248716992,9.867880372097261,1.8278029100529098,5.17219708994709,5.17219708994709
2022,3529203,Martinópolis,-28,142.0,-28,175.9828041353228,176.614952963591,142.08923677248677,-0.08923677248677109,0.08923677248677109
2022,3529302,Matão,1402,2638.0,1402,1803.0515667632537,1797.6519891584587,1880.7430886243392,757.2569113756608,757.2569113756608
2022,3529401,Mauá,2647,3709.0,2647,4873.951763656181,4893.114100801609,4515.610711640211,-806.6107116402109,806.6107116402109
2022,3529500,Mendonça,187,188.0,187,-14.073921992430769,-18.058391137980834,218.44925925925938,-30.449259259259378,30.449259259259378
2022,3529609,Meridiano,69,78.0,69,-152.45185170770128,-156.3922870113406,51.16147354497357,26.838526455026432,26.838526455026432
2022,3529658,Mesópolis,15,1.0,15,-53.189626168546056,-53.71090702916649,-1.8290608465608467,2.8290608465608464,2.8290608465608464
2022,3529708,Miguelópolis,206,311.0,206,116.91246543667478,115.79920439125021,64.58391005291004,246.41608994708997,246.41608994708997
2022,3529807,Mineiros do Tietê,118,13.0,118,52.589329925239554,53.3767112352939,87.81547065897075,-74.81547065897075,74.81547065897075
2022,3529906,Miracatu,68,36.0,68,132.6577882254055,133.21039097187952,76.30138359788366,-40.30138359788366,40.30138359788366
2022,3530003,Mira Estrela,59,-18.0,59,7.997964886183581,8.873139600515515,18.42267592592592,-36.422675925925915,36.422675925925915
2022,3530102,Mirandópolis,247,75.0,247,138.75983721828345,139.49753266346625,343.78417460317473,-268.78417460317473,268.78417460317473
2022,3530201,Mirante do Paranapanema,-74,191.0,-74,113.97082737214396,114.05828135398144,109.15618783068786,81.84381216931214,81.84381216931214
2022,3530300,Mirassol,327,364.0,327,1064.704109551761,1061.8987810070446,633.3578777056279,-269.35787770562786,269.35787770562786
2022,3530409,Mirassolândia,0,17.0,0,0.9602001940970695,-0.0820371769286794,87.07793650793644,-70.07793650793644,70.07793650793644
2022,3530508,Mococa,1035,547.0,1035,647.3990789254689,647.4532341791637,614.8046865079367,-67.80468650793671,67.80468650793671
2022,3530607,Mogi das Cruzes,7273,4686.0,7273,5841.191038980023,5840.304466331856,6560.66017989418,-1874.6601798941801,1874.6601798941801
2022,3530706,Mogi Guaçu,1889,1558.0,1889,2758.6598862829514,2752.7509910661975,2747.328490259741,-1189.328490259741,1189.328490259741
2022,3530805,Mogi Mirim,1012,948.0,1012,1724.0347887298194,1723.0938706099791,1767.9951903559406,-819.9951903559406,819.9951903559406
2022,3530904,Mombuca,69,1.0,69,-21.86262782220433,-22.478854779803896,48.84085317460316,-47.84085317460316,47.84085317460316
2022,3531001,Monções,-29,-36.0,-29,-3.071551221155005,-3.1456751628093116,14.509873015873021,-50.50987301587302,50.50987301587302
2022,3531100,Mongaguá,431,577.0,431,362.0068019475716,362.8588383749219,444.36362169312156,132.63637830687844,132.63637830687844
2022,3531209,Monte Alegre do Sul,132,-9.0,132,12.738039610675287,12.81016340624251,91.45070370370374,-100.45070370370374,100.45070370370374
2022,3531308,Monte Alto,777,254.0,777,504.10624136220736,503.16511682029545,624.3602843915343,-370.36028439153426,370.36028439153426
2022,3531407,Monte Aprazível,-8,346.0,-8,334.88121475701803,333.570130467697,191.43931349206355,154.56068650793645,154.56068650793645
2022,3531506,Monte Azul Paulista,-466,618.0,-466,505.91908163641995,503.3841184671612,319.6399682539683,298.3600317460317,298.3600317460317
2022,3531605,Monte Castelo,13,22.0,13,29.91393274452321,29.86653059969649,68.75998412698414,-46.759984126984136,46.759984126984136
2022,3531704,Monteiro Lobato,45,6.0,45,22.677585951166748,23.49020903685141,62.046992063492034,-56.046992063492034,56.046992063492034
2022,3531803,Monte Mor,675,575.0,675,1120.9806474135037,1119.0702609706618,886.4122889610388,-311.4122889610388,311.4122889610388
2022,3531902,Morro Agudo,583,1251.0,583,224.87117372968657,223.5476702759396,502.80161507936504,748.1983849206349,748.1983849206349
2022,3532009,Morungaba,183,-74.0,183,133.93395892628916,132.137536759785,117.39199663299674,-191.39199663299672,191.39199663299672
2022,3532058,Motuca,16,-35.0,16,2.772771056431793,2.758621778405768,7.128670634920636,-42.12867063492064,42.12867063492064
2022,3532108,Murutinga do Sul,6,4.0,6,18.512757173713453,19.359294775294302,8.954281746031747,-4.9542817460317465,4.9542817460317465
2022,3532157,Nantes,8,-5.0,8,-102.06643633605927,-103.940193902077,55.820645502645505,-60.820645502645505,60.820645502645505
2022,3532207,Narandiba,92,68.0,92,-277.879781355118,-284.41487711622244,53.981335978836,14.018664021164,14.018664021164
2022,3532306,Natividade da Serra,4,-22.0,4,54.301523103348245,55.51283747864727,43.68661375661377,-65.68661375661377,65.68661375661377
2022,3532405,Nazaré Paulista,55,122.0,55,162.04870594027057,162.23412427069525,227.85252380952386,-105.85252380952386,105.85252380952386
2022,3532504,Neves Paulista,17,10.0,17,63.82173648425396,63.85882899819967,53.62432972582972,-43.62432972582972,43.62432972582972
2022,3532603,Nhandeara,3,135.0,3,46.36536487598323,45.62968572350462,58.4193492063492,76.58065079365079,76.58065079365079
2022,3532702,Nipoã,49,7.0,49,32.768611148796026,33.53212873215898,29.682482563732584,-22.682482563732584,22.682482563732584
2022,3532801,Nova Aliança,96,146.0,96,-35.90034470409273,-37.706466404454204,49.480087301587304,96.5199126984127,96.5199126984127
2022,3532827,Nova Campina,184,-41.0,184,23.098840212297546,23.46820211348745,39.84023941798943,-80.84023941798944,80.84023941798944
2022,3532843,Nova Canaã Paulista,0,6.0,0,10.517386778909895,11.305224092442813,7.3916878306878315,-1.3916878306878315,1.3916878306878315
2022,3532868,Nova Castilho,3,49.0,3,-120.0213118798174,-122.07089707401997,8.740313492063489,40.25968650793651,40.25968650793651
2022,3532900,Nova Europa,-41,134.0,-41,55.71351803797438,54.76966709667067,105.52889814814812,28.471101851851884,28.471101851851884
2022,3533007,Nova Granada,277,205.0,277,85.715112276642,86.0292980292063,239.46314153439153,-34.463141534391525,34.463141534391525
2022,3533106,Nova Guataporanga,17,-1.0,17,23.812991455924703,24.947002870784445,8.232428571428569,-9.232428571428569,9.232428571428569
2022,3533205,Nova Independência,164,189.0,164,-45.07978488854701,-46.10352437921438,26.979518518518503,162.0204814814815,162.0204814814815
2022,3533254,Novais,103,113.0,103,83.0871720201867,83.62033490210638,-30.300415343915336,143.30041534391535,143.30041534391535
2022,3533304,Nova Luzitânia,10,5.0,10,20.466017773371277,21.36410114171099,17.563503968253954,-12.563503968253954,12.563503968253954
2022,3533403,Nova Odessa,678,303.0,678,1517.948161593597,1512.335345106521,1463.7757269119766,-1160.7757269119766,1160.7757269119766
2022,3533502,Novo Horizonte,464,128.0,464,524.0175208680182,522.0048700022608,460.21969540644545,-332.21969540644545,332.21969540644545
2022,3533601,Nuporanga,401,368.0,401,-247.1975383198394,-254.50114140872347,264.35573544973556,103.64426455026444,103.64426455026444
2022,3533700,Ocauçu,40,-4.0,40,37.646135050739986,37.609758486749115,84.98014947089949,-88.98014947089949,88.98014947089949
2022,3533809,Óleo,-16,18.0,-16,-62.08514823045198,-63.22968151651139,42.81359788359789,-24.813597883597893,24.813597883597893
2022,3533908,Olímpia,691,772.0,691,944.0600547724761,940.828007232744,931.8944748677245,-159.8944748677245,159.8944748677245
2022,3534005,Onda Verde,54,111.0,54,-36.6814546389287,-38.16142822941356,73.86384920634923,37.13615079365077,37.13615079365077
2022,3534104,Oriente,86,-39.0,86,17.552596093752072,18.220735635706887,47.61300000000001,-86.613,86.613
2022,3534203,Orindiúva,0,198.0,0,-87.68428977576855,-94.2196390858976,181.17596693121692,16.82403306878308,16.82403306878308
2022,3534302,Orlândia,413,-53.0,413,648.9465797272144,646.0112745991725,728.173579365079,-781.173579365079,781.173579365079
2022,3534401,Osasco,9757,329.0,9757,19561.157206200896,19681.483393967894,30992.71642460319,-30663.71642460319,30663.71642460319
2022,3534500,Oscar Bressane,18,10.0,18,-50.84973653998122,-51.534141356128885,37.69415476190476,-27.694154761904763,27.694154761904763
2022,3534609,Osvaldo Cruz,279,293.0,279,307.73681893528783,307.07427005286684,452.5488478835978,-159.54884788359777,159.54884788359777
2022,3534708,Ourinhos,1271,-158.0,1271,1367.8374500978011,1365.2135378034443,1323.8809523809525,-1481.8809523809525,1481.8809523809525
2022,3534757,Ouroeste,101,356.0,101,43.06479263255983,41.0670868769339,159.47113888888893,196.52886111111107,196.52886111111107
2022,3534807,Ouro Verde,87,-11.0,87,41.29154680576994,42.38127636986542,34.24952777777777,-45.24952777777777,45.24952777777777
2022,3534906,Pacaembu,-20,86.0,-20,96.41005318267878,97.75572276169441,95.94028174603176,-9.940281746031758,9.940281746031758
2022,3535002,Palestina,52,246.0,52,63.09822559043698,62.60600988678311,112.3597738095238,133.6402261904762,133.6402261904762
2022,3535101,Palmares Paulista,32,143.0,32,76.00144205287393,77.17688525068229,63.41579761904759,79.5842023809524,79.5842023809524
2022,3535200,Palmeira d'Oeste,2,122.0,2,63.06561875193279,63.5835471997965,81.13497222222225,40.865027777777755,40.865027777777755
2022,3535309,Palmital,230,-74.0,230,80.51529374051472,79.224687249299,238.29466137566132,-312.29466137566135,312.29466137566135
2022,3535408,Panorama,-64,35.0,-64,216.12900533215566,216.16990216498732,173.42921164021163,-138.42921164021163,138.42921164021163
2022,3535507,Paraguaçu Paulista,487,247.0,487,320.0859914223644,320.1597965398655,672.5459473304472,-425.54594733044723,425.54594733044723
2022,3535606,Paraibuna,102,18.0,102,93.22039689314215,94.23816274115893,126.84249735449737,-108.84249735449737,108.84249735449737
2022,3535705,Paraíso,231,85.0,231,-84.02205578101552,-85.64928493920343,54.31187301587302,30.68812698412698,30.68812698412698
2022,3535804,Paranapanema,191,236.0,191,222.1155319549473,220.0126802330376,167.34913095238096,68.65086904761904,68.65086904761904
2022,3535903,Paranapuã,10,61.0,10,-3.905982524007186,-3.9494751136498962,31.428773809523804,29.571226190476196,29.571226190476196
2022,3536000,Parapuã,280,95.0,280,-79.54505725625245,-82.72019086906721,228.71130687830694,-133.71130687830694,133.71130687830694
2022,3536109,Pardinho,127,259.0,127,-26.967939317577475,-29.1727567384155,94.89302380952387,164.10697619047613,164.10697619047613
2022,3536208,Pariquera-Açu,216,138.0,216,118.48895612290426,118.4356290179037,225.54980555555545,-87.54980555555545,87.54980555555545
2022,3536257,Parisi,5,41.0,5,29.25636163856916,30.259757025808085,29.840466931216923,11.159533068783077,11.159533068783077
2022,3536307,Patrocínio Paulista,256,289.0,256,-3.3337715401712558,-7.975081918958722,353.88068783068775,-64.88068783068775,64.88068783068775
2022,3536406,Paulicéia,-39,176.0,-39,82.2701062859253,82.14154855752236,20.61934126984126,155.38065873015873,155.38065873015873
2022,3536505,Paulínia,3328,3961.0,3328,7528.418599534452,7591.577309204084,5176.493972222225,-1215.4939722222252,1215.4939722222252
2022,3536570,Paulistânia,41,25.0,41,5.233207347802818,5.753309257431056,64.70481746031746,-39.70481746031746,39.70481746031746
2022,3536604,Paulo de Faria,81,-81.0,81,-19.93159683103704,-20.32456249824827,53.05205555555558,-134.05205555555557,134.05205555555557
2022,3536703,Pederneiras,345,-532.0,345,748.872916182544,746.8613671814616,883.0018603896106,-1415.0018603896106,1415.0018603896106
2022,3536802,Pedra Bela,25,26.0,25,66.55728219287346,67.44803954866052,62.033476190476236,-36.033476190476236,36.033476190476236
2022,3536901,Pedranópolis,3,-37.0,3,8.373755290969939,8.461551950093508,30.42452777777776,-67.42452777777777,67.42452777777777
2022,3537008,Pedregulho,9,92.0,9,140.76330603015572,138.69342666679836,166.389914021164,-74.389914021164,74.389914021164
2022,3537107,Pedreira,88,-98.0,88,882.1517049319286,878.4718322062652,629.1551649831647,-727.1551649831647,727.1551649831647
2022,3537156,Pedrinhas Paulista,9,35.0,9,-138.01398442244022,-140.91247424421408,36.35479761904764,-1.3547976190476376,1.3547976190476376
2022,3537206,Pedro de Toledo,27,30.0,27,71.06090560264158,72.46053559666007,47.1472619047619,-17.147261904761898,17.147261904761898
2022,3537305,Penápolis,700,400.0,700,769.6392410596094,767.5462244059884,692.2593108465607,-292.25931084656065,292.25931084656065
2022,3537404,Pereira Barreto,-38,-64.0,-38,264.9248280338554,263.8732712917564,154.3247698412698,-218.3247698412698,218.3247698412698
2022,3537503,Pereiras,128,90.0,128,97.18110956513374,96.1116678030337,252.3758134920636,-162.3758134920636,162.3758134920636
2022,3537602,Peruíbe,516,385.0,516,478.04940479678544,479.3239713523643,763.0769854497354,-378.0769854497354,378.0769854497354
2022,3537701,Piacatu,39,-37.0,39,47.2323249596127,48.002158615289545,52.53917171717172,-89.53917171717171,89.53917171717171
2022,3537800,Piedade,-18,251.0,-18,525.4687016134657,525.6300739193454,527.7980277777775,-276.7980277777775,276.7980277777775
2022,3537909,Pilar do Sul,281,242.0,281,289.12951951742264,287.6923393576642,586.4468902116402,-344.44689021164015,344.44689021164015
2022,3538006,Pindamonhangaba,1384,2007.0,1384,2351.2404910832342,2361.830956959835,2226.709185064933,-219.70918506493308,219.70918506493308
2022,3538105,Pindorama,181,193.0,181,30.427644788463112,30.344315659036738,85.73702777777777,107.26297222222223,107.26297222222223
2022,3538204,Pinhalzinho,77,26.0,77,138.52581321695834,138.92004373632585,147.51225264550254,-121.51225264550254,121.51225264550254
2022,3538303,Piquerobi,-6,-7.0,-6,28.504589727335542,29.205363270791167,18.071669552669555,-25.071669552669555,25.071669552669555
2022,3538501,Piquete,-134,103.0,-134,156.45039938980494,157.3870920814452,110.93224206349198,-7.932242063491984,7.932242063491984
2022,3538600,Piracaia,285,44.0,285,163.09914385587683,163.44409938830665,281.1860595238096,-237.1860595238096,237.1860595238096
2022,3538709,Piracicaba,6563,4756.0,6563,8557.336147366588,8584.29060316998,7307.912898148146,-2551.9128981481463,2551.9128981481463
2022,3538808,Piraju,-268,121.0,-268,494.70548903623217,493.54752813932896,422.33841209716223,-301.33841209716223,301.33841209716223
2022,3538907,Pirajuí,102,-105.0,102,244.24773049432997,244.07583121769687,434.3116481481482,-539.3116481481482,539.3116481481482
2022,3539004,Pirangi,189,272.0,189,27.23455263757205,26.844129897922585,96.89063095238096,175.10936904761905,175.10936904761905
2022,3539103,Pirapora do Bom Jesus,157,432.0,157,52.87389763364524,53.14067434118715,127.16841666666663,304.83158333333336,304.83158333333336
2022,3539202,Pirapozinho,460,324.0,460,119.87230465488403,119.40733956687097,128.87946693121685,195.12053306878315,195.12053306878315
2022,3539301,Pirassununga,663,336.0,663,1191.3270626516307,1188.6132788494274,950.0481005290997,-614.0481005290997,614.0481005290997
2022,3539400,Piratininga,-170,125.0,-170,231.15308186683797,231.37637782408956,174.5143148148148,-49.51431481481481,49.51431481481481
2022,3539509,Pitangueiras,398,446.0,398,429.3820868157027,427.6395843768091,562.0546917989415,-116.05469179894146,116.05469179894146
2022,3539608,Planalto,286,623.0,286,-15.821047295990411,-18.077240816470976,-10.59073148148148,633.5907314814815,633.5907314814815
2022,3539707,Platina,51,29.0,51,-76.69013251574574,-77.53322992175254,31.645267195767193,-2.645267195767193,2.645267195767193
2022,3539806,Poá,1537,779.0,1537,1375.3752914919642,1371.391031484927,1566.221726911977,-787.2217269119769,787.2217269119769
2022,3539905,Poloni,-149,15.0,-149,149.61357859889108,149.04957172050263,11.255880952380952,3.744119047619048,3.744119047619048
2022,3540002,Pompéia,409,69.0,409,41.547360385150796,37.75291927208309,369.36044973544995,-300.36044973544995,300.36044973544995
2022,3540101,Pongaí,-32,-13.0,-32,15.111283148369239,15.356181852647524,15.05423015873016,-28.05423015873016,28.05423015873016
2022,3540200,Pontal,551,676.0,551,474.9171141650256,473.04568969707805,442.429627946128,233.570372053872,233.570372053872
2022,3540259,Pontalinda,36,0.0,36,4.921729933379311,5.730996552974602,10.266575396825393,-10.266575396825393,10.266575396825393
2022,3540309,Pontes Gestal,197,149.0,197,-129.89298555733467,-130.8799048142787,-42.67890873015871,191.6789087301587,191.6789087301587
2022,3540408,Populina,19,27.0,19,-0.5643151865433538,-0.2074151961660391,18.126322751322753,8.873677248677247,8.873677248677247
2022,3540507,Porangaba,78,108.0,78,57.13227551449006,57.74905254675218,75.15429365079372,32.84570634920628,32.84570634920628
2022,3540606,Porto Feliz,518,103.0,518,971.3631958546703,969.484034625213,679.5692122414627,-576.5692122414627,576.5692122414627
2022,3540705,Porto Ferreira,-227,177.0,-227,1128.009327596279,1124.4727498767732,999.7112235449738,-822.7112235449738,822.7112235449738
2022,3540754,Potim,147,87.0,147,69.8378266710015,71.32927267659227,115.5637116402116,-28.563711640211594,28.563711640211594
2022,3540804,Potirendaba,282,335.0,282,91.10516600658775,90.77043302573747,254.99113756613752,80.00886243386248,80.00886243386248
2022,3540853,Pracinha,-22,-27.0,-22,52.41152359986825,53.79457538577287,5.433880952380953,-32.43388095238095,32.43388095238095
2022,3540903,Pradópolis,263,500.0,263,166.22936867186445,163.28145005009344,150.37268650793644,349.62731349206354,349.62731349206354
2022,3541000,Praia Grande,2069,3184.0,2069,2720.430867718166,2722.116456675516,2623.9536190476183,560.0463809523817,560.0463809523817
2022,3541059,Pratânia,-14,84.0,-14,84.08033225970325,84.2046116568273,52.32510714285714,31.674892857142858,31.674892857142858
2022,3541109,Presidente Alves,-5,15.0,-5,33.95472129805353,34.797241171251244,22.546938071188077,-7.546938071188077,7.546938071188077
2022,3541208,Presidente Bernardes,30,10.0,30,99.33770615997673,100.09364570526077,71.35873677248675,-61.35873677248675,61.35873677248675
2022,3541307,Presidente Epitácio,295,129.0,295,264.4504648425419,265.0091965824196,282.4979060846561,-153.4979060846561,153.4979060846561
2022,3541406,Presidente Prudente,1953,2572.0,1953,3507.906093683898,3502.5737281605616,4066.3123412698437,-1494.3123412698437,1494.3123412698437
2022,3541505,Presidente Venceslau,458,535.0,458,199.50356999563348,199.91931967759353,266.04540993266,268.95459006734,268.95459006734
2022,3541604,Promissão,347,180.0,347,360.81887834680276,359.615077025956,708.5219801587301,-528.5219801587301,528.5219801587301
2022,3541653,Quadra,25,-1.0,25,-54.215337184542705,-55.143789637506416,41.1061150793651,-42.1061150793651,42.1061150793651
2022,3541703,Quatá,244,137.0,244,-7.74736660633107,-9.884764493534249,208.6006349206349,-71.60063492063489,71.60063492063489
2022,3541802,Queiroz,150,9.0,150,-653.7026927136237,-667.8540240800003,83.78010317460316,-74.78010317460316,74.78010317460316
2022,3541901,Queluz,23,102.0,23,0.43537165084353546,-0.44742976743236795,66.71349999999995,35.286500000000046,35.286500000000046
2022,3542008,Quintana,8,116.0,8,14.328089771369832,13.31532595612316,84.02474470899472,31.975255291005283,31.975255291005283
2022,3542107,Rafard,126,56.0,126,-19.93663291158714,-21.815341219692755,74.77109788359785,-18.771097883597847,18.771097883597847
2022,3542206,Rancharia,141,297.0,141,318.86477432709614,317.51726530835606,330.2800608465608,-33.28006084656079,33.28006084656079
2022,3542305,Redenção da Serra,29,14.0,29,43.21525562319914,44.25046836642002,36.96858465608465,-22.96858465608465,22.96858465608465
2022,3542404,Regente Feijó,119,211.0,119,174.52767709281488,173.21394831299654,214.34673015873028,-3.3467301587302813,3.3467301587302813
2022,3542503,Reginópolis,449,2.0,449,-22.742905786569963,-22.477727864802546,126.19256216931215,-124.19256216931215,124.19256216931215
2022,3542602,Registro,973,677.0,973,441.752175138103,442.14238581206916,559.6237751322753,117.37622486772466,117.37622486772466
2022,3542701,Restinga,93,-75.0,93,27.544298624634393,26.789542471185086,52.41818783068783,-127.41818783068783,127.41818783068783
2022,3542800,Ribeira,-26,-27.0,-26,64.55306610635625,65.48610123124445,29.510988095238094,-56.51098809523809,56.51098809523809
2022,3542909,Ribeirão Bonito,657,-303.0,657,-121.76079154682589,-121.75093831245658,227.05120370370375,-530.0512037037038,530.0512037037038
2022,3543006,Ribeirão Branco,197,-30.0,197,125.36760256380853,125.81528043848687,112.50643386243384,-142.50643386243382,142.50643386243382
2022,3543105,Ribeirão Corrente,44,22.0,44,-34.699174674613005,-35.65251494698441,69.14300529100525,-47.14300529100525,47.14300529100525
2022,3543204,Ribeirão do Sul,21,64.0,21,-91.1717195062763,-93.23075567728483,-4.55592724867725,68.55592724867725,68.55592724867725
2022,3543238,Ribeirão dos Índios,1,-10.0,1,12.581043901385101,13.368447493114218,11.398119047619046,-21.398119047619048,21.398119047619048
2022,3543253,Ribeirão Grande,60,-34.0,60,35.0277549577097,36.4742095399713,23.11385582010582,-57.11385582010582,57.11385582010582
2022,3543303,Ribeirão Pires,180,409.0,180,1303.5013965229,1304.3679868309673,667.3299444444449,-258.3299444444449,258.3299444444449
2022,3543402,Ribeirão Preto,11941,5921.0,11941,14729.130011227884,14713.684616295368,16755.76668650793,-10834.76668650793,10834.76668650793
2022,3543501,Riversul,38,19.0,38,41.7842470760952,42.86160448878229,42.34994444444446,-23.34994444444446,23.34994444444446
2022,3543600,Rifaina,17,-114.0,17,-10.824900887012518,-12.489033029677103,29.80792328042328,-143.80792328042327,143.80792328042327
2022,3543709,Rincão,121,142.0,121,24.45411866862628,24.92110337970462,121.27539682539684,20.72460317460316,20.72460317460316
2022,3543808,Rinópolis,33,120.0,33,31.093230673081052,30.550949795538827,55.43452380952382,64.56547619047618,64.56547619047618
2022,3543907,Rio Claro,552,1103.0,552,4869.343241900567,4863.03955497504,5713.595096560849,-4610.595096560849,4610.595096560849
2022,3544004,Rio das Pedras,501,39.0,501,282.746905990242,281.3002649897868,484.38483730158737,-445.38483730158737,445.38483730158737
2022,3544103,Rio Grande da Serra,5,130.0,5,216.67224242359134,218.4408623303509,145.95210846560855,-15.952108465608546,15.952108465608546
2022,3544202,Riolândia,48,58.0,48,28.331762754874035,28.79987510871706,59.750428571428564,-1.7504285714285643,1.7504285714285643
2022,3544251,Rosana,66,-15.0,66,-16.026892642853454,-18.306652617771306,75.0944947089947,-90.0944947089947,90.0944947089947
2022,3544301,Roseira,379,-96.0,379,-40.483755688423116,-40.67331186076353,334.5177354497354,-430.5177354497354,430.5177354497354
2022,3544400,Rubiácea,-15,11.0,-15,17.474855424978614,17.97665403269525,12.343115079365079,-1.343115079365079,1.343115079365079
2022,3544509,Rubinéia,40,43.0,40,-29.595291202411545,-29.917737816723047,97.79307142857148,-54.79307142857148,54.79307142857148
2022,3544608,Sabino,60,15.0,60,-21.46385918762826,-21.27325464904584,45.8270119047619,-30.827011904761903,30.827011904761903
2022,3544707,Sagres,-4,-1.0,-4,17.716481243462567,18.526899505661504,10.64661099086099,-11.64661099086099,11.64661099086099
2022,3544806,Sales,47,15.0,47,11.206682804120192,11.383824433473364,80.5484841269841,-65.5484841269841,65.5484841269841
2022,3544905,Sales Oliveira,-13,14.0,-13,149.92149446494045,148.7769423762801,144.35740740740732,-130.35740740740732,130.35740740740732
2022,3545001,Salesópolis,60,54.0,60,107.07298876034133,108.09853584786538,143.50050529100528,-89.50050529100528,89.50050529100528
2022,3545100,Salmourão,-35,14.0,-35,91.81695975617492,92.50162568767246,94.80048148148151,-80.80048148148151,80.80048148148151
2022,3545159,Saltinho,175,114.0,175,-20.6061402792036,-22.06113808573673,102.73172089947089,11.268279100529114,11.268279100529114
2022,3545209,Salto,1340,1345.0,1340,2208.757281228707,2212.802079417834,2140.8809826839815,-795.8809826839815,795.8809826839815
2022,3545308,Salto de Pirapora,440,818.0,440,256.75068848384103,257.8679763080088,357.2273240740742,460.7726759259258,460.7726759259258
2022,3545407,Salto Grande,64,90.0,64,21.6304366797267,21.60489880153,70.80574470899472,19.194255291005277,19.194255291005277
2022,3545506,Sandovalina,175,61.0,175,-186.1924682411127,-191.89014262359206,173.51782419432413,-112.51782419432413,112.51782419432413
2022,3545605,Santa Adélia,260,214.0,260,42.085753459877196,42.163917516407764,149.81427777777776,64.18572222222224,64.18572222222224
2022,3545704,Santa Albertina,33,174.0,33,-3.231066960667704,-3.9666489342698696,1.1416005291005251,172.85839947089949,172.85839947089949
2022,3545803,Santa Bárbara d'Oeste,3149,2446.0,3149,2890.368486600126,2884.5964224529584,2031.582882275132,414.4171177248679,414.4171177248679
2022,3546009,Santa Branca,74,121.0,74,103.1245587782563,103.73655229633857,127.52713756613751,-6.527137566137512,6.527137566137512
2022,3546108,Santa Clara d'Oeste,14,85.0,14,2.849073149708147,2.097148597144951,74.07242063492063,10.927579365079367,10.927579365079367
2022,3546207,Santa Cruz da Conceição,5,-40.0,5,5.137591905785712,4.410850678030556,58.60574206349206,-98.60574206349206,98.60574206349206
2022,3546256,Santa Cruz da Esperança,14,63.0,14,-1.6692672060066798,-1.4636072484111082,7.466146825396826,55.53385317460317,55.53385317460317
2022,3546306,Santa Cruz das Palmeiras,56,74.0,56,353.5139027207267,353.0318838554306,231.3646283068783,-157.3646283068783,157.3646283068783
2022,3546405,Santa Cruz do Rio Pardo,159,588.0,159,1048.98337738522,1044.967587823341,770.6359543049547,-182.63595430495468,182.63595430495468
2022,3546504,Santa Ernestina,91,28.0,91,13.850678070575668,14.931636601487298,50.50820238095236,-22.508202380952362,22.508202380952362
2022,3546603,Santa Fé do Sul,251,205.0,251,494.85414845362436,493.02143529367424,558.2394021164021,-353.23940211640206,353.23940211640206
2022,3546702,Santa Gertrudes,-322,599.0,-322,473.31925659274066,467.1643107169082,771.597646825397,-172.59764682539696,172.59764682539696
2022,3546801,Santa Isabel,618,341.0,618,476.74873054213765,476.33110565766253,585.224911014911,-244.22491101491096,244.22491101491096
2022,3546900,Santa Lúcia,41,8.0,41,42.11721143016712,43.13833354171129,41.855718253968256,-33.855718253968256,33.855718253968256
2022,3547007,Santa Maria da Serra,202,-15.0,202,-7.014819574164903,-7.071571050978491,-35.92357539682541,20.923575396825413,20.923575396825413
2022,3547106,Santa Mercedes,33,68.0,33,7.476636112663982,8.053613185070844,13.135551587301585,54.864448412698415,54.864448412698415
2022,3547205,Santana da Ponte Pensa,0,41.0,0,-5.88975275619805,-5.46275489504842,2.9491388888888888,38.05086111111111,38.05086111111111
2022,3547304,Santana de Parnaíba,4187,3787.0,4187,2717.3550403575846,2716.8696610594943,2114.27089021164,1672.72910978836,1672.72910978836
2022,3547403,Santa Rita d'Oeste,-2,27.0,-2,-10.383953328936968,-10.13282153734417,13.092486772486774,13.907513227513226,13.907513227513226
2022,3547502,Santa Rita do Passa Quatro,1540,687.0,1540,79.75138780183067,77.92719827724545,1266.178845238096,-579.1788452380961,579.1788452380961
2022,3547601,Santa Rosa de Viterbo,285,144.0,285,134.5517604292994,134.48044498525417,243.8832050264553,-99.8832050264553,99.8832050264553
2022,3547650,Santa Salete,-7,3.0,-7,-0.573207326454849,-0.13565534835129256,7.909871693121691,-4.909871693121691,4.909871693121691
2022,3547700,Santo Anastácio,61,-8.0,61,114.39412194630097,114.68166568040851,41.065222222222225,-49.065222222222225,49.065222222222225
2022,3547809,Santo André,10295,5975.0,10295,11937.978973726202,11920.048493527906,12087.99366666667,-6112.993666666671,6112.993666666671
2022,3547908,Santo Antônio da Alegria,32,-4.0,32,46.40624222512838,46.5161479270721,86.23170238095238,-90.23170238095238,90.23170238095238
2022,3548005,Santo Antônio de Posse,105,148.0,105,327.1638675511274,323.93753026128934,367.277376984127,-219.277376984127,219.277376984127
2022,3548054,Santo Antônio do Aracanguá,65,-10.0,65,8.152439206278814,8.209744564781886,82.90785317460318,-92.90785317460318,92.90785317460318
2022,3548104,Santo Antônio do Jardim,18,74.0,18,-2.541151320847348,-3.399955207292578,39.68415343915345,34.31584656084655,34.31584656084655
2022,3548203,Santo Antônio do Pinhal,37,18.0,37,59.56594977360055,60.23019759227998,61.80732804232803,-43.80732804232803,43.80732804232803
2022,3548302,Santo Expedito,28,3.0,28,21.928700498186345,23.096237529876817,8.405334776334774,-5.405334776334774,5.405334776334774
2022,3548401,Santópolis do Aguapeí,-9,4.0,-9,39.61392167316444,40.33370017710331,7.083289923039924,-3.083289923039924,3.083289923039924
2022,3548500,Santos,6111,5586.0,6111,7434.166259819325,7434.32837906253,7785.296376984124,-2199.2963769841244,2199.2963769841244
2022,3548609,São Bento do Sapucaí,241,32.0,241,0.7741908489717844,1.5174095437237156,78.16669576719579,-46.16669576719579,46.16669576719579
2022,3548708,São Bernardo do Campo,12982,4653.0,12982,16459.585781424634,16477.2155840227,18434.609960317444,-13781.609960317444,13781.609960317444
2022,3548807,São Caetano do Sul,1642,-937.0,1642,7350.101734120577,7328.988367462596,6882.457830687834,-7819.457830687834,7819.457830687834
2022,3548906,São Carlos,3413,673.0,3413,4717.478706867354,4712.410502285087,3973.2980833333336,-3300.2980833333336,3300.2980833333336
2022,3549003,São Francisco,-5,-3.0,-5,26.993060098509886,28.02930843132185,13.33768650793651,-16.33768650793651,16.33768650793651
2022,3549102,São João da Boa Vista,306,432.0,306,1490.1589248749713,1488.2209650783025,650.5598664021163,-218.5598664021163,218.5598664021163
2022,3549201,São João das Duas Pontes,1,9.0,1,18.961482588826357,19.813483101067277,7.653423160173162,1.346576839826838,1.346576839826838
2022,3549250,São João de Iracema,-26,-8.0,-26,0.9598658836957839,1.2628872880022755,6.747507936507932,-14.747507936507933,14.747507936507933
2022,3549300,São João do Pau d'Alho,21,8.0,21,-12.296396564597444,-11.94710938817002,9.643171957671955,-1.6431719576719548,1.6431719576719548
2022,3549409,São Joaquim da Barra,527,513.0,527,464.1705908689298,463.9740546548196,803.505481481481,-290.50548148148096,290.50548148148096
2022,3549508,São José da Bela Vista,55,-3.0,55,-11.17321933129574,-11.177930521573899,37.37577380952379,-40.37577380952379,40.37577380952379
2022,3549607,São José do Barreiro,11,12.0,11,31.67797199943925,32.90090815134545,10.08077898027898,1.9192210197210198,1.9192210197210198
2022,3549706,São José do Rio Pardo,-78,380.0,-78,1079.6747883365385,1076.1404772095339,932.8254576719573,-552.8254576719573,552.8254576719573
2022,3549805,São José do Rio Preto,4456,3971.0,4456,9252.00953531948,9232.066518940183,9378.679916666666,-5407.679916666666,5407.679916666666
2022,3549904,São José dos Campos,8756,6313.0,8756,13252.765588715543,13279.71071898478,11900.310293650788,-5587.310293650788,5587.310293650788
2022,3549953,São Lourenço da Serra,1181,-120.0,1181,170.47022994335543,168.76425798820333,19.965091269841253,-139.96509126984125,139.96509126984125
2022,3550001,São Luiz do Paraitinga,18,8.0,18,74.68043262209085,75.53922810373354,101.27134920634924,-93.27134920634924,93.27134920634924
2022,3550100,São Manuel,-24,246.0,-24,483.576247117958,482.7343060269104,560.846992063492,-314.84699206349205,314.84699206349205
2022,3550209,São Miguel Arcanjo,164,181.0,164,262.7569131264611,262.9449928637017,307.29855820105814,-126.29855820105814,126.29855820105814
2022,3550308,São Paulo,204313,136109.0,204313,291073.87030426884,290929.26927609526,153052.7086190476,-16943.708619047597,16943.708619047597
2022,3550407,São Pedro,488,311.0,488,287.587380399166,287.44837694327896,479.77590740740726,-168.77590740740726,168.77590740740726
2022,3550506,São Pedro do Turvo,87,76.0,87,74.98033458547354,74.5422062100456,70.94091798941801,5.059082010581989,5.059082010581989
2022,3550605,São Roque,886,1211.0,886,1234.2212981040943,1231.2185732415103,493.0360105820107,717.9639894179893,717.9639894179893
2022,3550704,São Sebastião,2198,1059.0,2198,1693.9708064638057,1706.779278364299,1201.4893928571425,-142.48939285714255,142.48939285714255
2022,3550803,São Sebastião da Grama,60,14.0,60,136.98308320971273,136.09799483753181,358.39507142857144,-344.39507142857144,344.39507142857144
2022,3550902,São Simão,48,86.0,48,110.71935625159801,110.14688581637768,122.87913492063485,-36.879134920634854,36.879134920634854
2022,3551009,São Vicente,194,631.0,194,2191.0865663030518,2192.6132348266583,2254.1815,-1623.1815000000001,1623.1815000000001
2022,3551108,Sarapuí,204,262.0,204,52.90450737511526,53.52097019839971,67.7522777777778,194.2477222222222,194.2477222222222
2022,3551207,Sarutaiá,-95,83.0,-95,68.01211123041219,68.37857638682578,23.697039682539675,59.302960317460325,59.302960317460325
2022,3551306,Sebastianópolis do Sul,26,216.0,26,-315.57450317860366,-323.19208048943756,51.10493253968254,164.89506746031748,164.89506746031748
2022,3551405,Serra Azul,55,72.0,55,74.38645546621387,75.77342704824264,49.324642857142855,22.675357142857145,22.675357142857145
2022,3551504,Serrana,675,665.0,675,237.36059919504237,237.7502276714754,440.1939537037037,224.8060462962963,224.8060462962963
2022,3551603,Serra Negra,158,173.0,158,286.83351317881625,286.6484626616648,155.94941798941807,17.050582010581934,17.050582010581934
2022,3551702,Sertãozinho,2629,2527.0,2629,2700.773483875886,2692.525368512069,2694.5039140211634,-167.50391402116338,167.50391402116338
2022,3551801,Sete Barras,-29,138.0,-29,108.91427724010873,109.21537820078413,107.15534391534383,30.844656084656165,30.844656084656165
2022,3551900,Severínia,53,99.0,53,223.33636372477508,223.1545039941052,297.72801190476207,-198.72801190476207,198.72801190476207
2022,3552007,Silveiras,-21,106.0,-21,62.867600964768144,64.09626842748389,16.181560846560853,89.81843915343914,89.81843915343914
2022,3552106,Socorro,337,106.0,337,374.8697156936405,374.4787312803993,473.380773809524,-367.380773809524,367.380773809524
2022,3552205,Sorocaba,9647,6189.0,9647,15599.500465666542,15600.20180801536,14200.237321428576,-8011.237321428576,8011.237321428576
2022,3552304,Sud Mennucci,147,-18.0,147,28.725348882630897,28.902736411158457,46.70520502645504,-64.70520502645505,64.70520502645505
2022,3552403,Sumaré,3905,1897.0,3905,3592.217971065929,3601.06146029638,2921.6864669312163,-1024.6864669312163,1024.6864669312163
2022,3552502,Suzano,2775,1963.0,2775,4387.85562555236,4390.904403410141,3988.0696838624335,-2025.0696838624335,2025.0696838624335
2022,3552551,Suzanápolis,52,360.0,52,-226.21729197623517,-232.47733428143215,6.844584656084654,353.15541534391537,353.15541534391537
2022,3552601,Tabapuã,24,46.0,24,91.4219755783397,91.77153560151669,121.75360714285708,-75.75360714285708,75.75360714285708
2022,3552700,Tabatinga,261,-86.0,261,190.08664496847018,189.5222807773913,182.17043783068775,-268.1704378306878,268.1704378306878
2022,3552809,Taboão da Serra,1470,1054.0,1470,4745.14764135352,4733.070711645863,5173.878706349207,-4119.878706349207,4119.878706349207
2022,3552908,Taciba,42,66.0,42,0.8564056895711474,1.0923000609609517,138.2346111111111,-72.2346111111111,72.2346111111111
2022,3553005,Taguaí,-50,-23.0,-50,348.4220280210693,346.64497418852056,166.1977804232803,-189.1977804232803,189.1977804232803
2022,3553104,Taiaçu,12,1.0,12,36.459928826354144,37.36379017850663,32.178370370370395,-31.178370370370395,31.178370370370395
2022,3553203,Taiúva,5,55.0,5,51.81695804466085,52.50333731557771,54.31167592592596,0.6883240740740391,0.6883240740740391
2022,3553302,Tambaú,-105,305.0,-105,362.67473619362056,361.2427463182913,184.97319841269854,120.02680158730146,120.02680158730146
2022,3553401,Tanabi,59,154.0,59,283.18024456819876,281.893243182104,229.73190620490612,-75.73190620490612,75.73190620490612
2022,3553500,Tapiraí,20,-82.0,20,54.45318983123434,55.110805683016,54.40775396825395,-136.40775396825396,136.40775396825396
2022,3553609,Tapiratiba,153,88.0,153,66.63681692666876,67.11802319229264,115.11146428571429,-27.11146428571429,27.11146428571429
2022,3553658,Taquaral,84,20.0,84,1.1310053198442347,2.025899404842903,36.55161904761903,-16.551619047619027,16.551619047619027
2022,3553708,Taquaritinga,406,208.0,406,613.3533900230364,612.1597573705117,636.7776795334291,-428.77767953342914,428.77767953342914
2022,3553807,Taquarituba,241,73.0,241,250.24189772194404,248.93330077950714,87.92444312169312,-14.924443121693116,14.924443121693116
2022,3553856,Taquarivaí,165,-7.0,165,-82.08778897537945,-84.35851417668619,78.73214285714283,-85.73214285714283,85.73214285714283
2022,3553906,Tarabai,22,-50.0,22,45.94644823604449,46.391044373505,57.391976190476164,-107.39197619047616,107.39197619047616
2022,3553955,Tarumã,413,271.0,413,168.29203823159412,165.24932730764726,442.51841005291016,-171.51841005291016,171.51841005291016
2022,3554003,Tatuí,947,854.0,947,1611.7315429000691,1611.3989939345295,1596.1900238095238,-742.1900238095238,742.1900238095238
2022,3554102,Taubaté,4120,3241.0,4120,4626.242431988565,4628.670052309746,4489.37886904762,-1248.3788690476204,1248.3788690476204
2022,3554201,Tejupá,-89,-29.0,-89,76.99301794348435,76.82804677429635,99.54093253968259,-128.5409325396826,128.5409325396826
2022,3554300,Teodoro Sampaio,111,107.0,111,141.38236086737425,141.8003557338467,173.57431613756606,-66.57431613756606,66.57431613756606
2022,3554409,Terra Roxa,53,4.0,53,93.52568762245028,93.87260857214665,-44.744686507936535,48.744686507936535,48.744686507936535
2022,3554508,Tietê,300,123.0,300,765.9752407179575,762.1929843884164,619.8626865079368,-496.8626865079368,496.8626865079368
2022,3554607,Timburi,-5,-20.0,-5,23.612437224357336,24.05284268019136,-13.581359788359789,-6.418640211640211,6.418640211640211
2022,3554656,Torre de Pedra,7,-17.0,7,24.555519984816556,25.64069226008519,10.443285714285716,-27.443285714285715,27.443285714285715
2022,3554706,Torrinha,221,138.0,221,14.17065344919547,14.016273558337843,98.6196812169312,39.3803187830688,39.3803187830688
2022,3554755,Trabiju,-18,25.0,-18,6.392448992088248,6.351293711014705,17.423523809523815,7.5764761904761855,7.5764761904761855
2022,3554805,Tremembé,120,-40.0,120,321.8628128536852,322.8849326779789,404.956558201058,-444.956558201058,444.956558201058
2022,3554904,Três Fronteiras,-13,38.0,-13,57.738725451242544,58.772780500996646,41.8564867724868,-3.8564867724867966,3.8564867724867966
2022,3554953,Tuiuti,66,41.0,66,3.4165091332015436,3.9165981975427258,28.75078571428571,12.249214285714292,12.249214285714292
2022,3555000,Tupã,472,161.0,472,792.37014220901,790.9534750687835,480.9357579365077,-319.9357579365077,319.9357579365077
2022,3555109,Tupi Paulista,310,115.0,310,34.84499997241642,35.6345688442716,166.77660449735453,-51.776604497354526,51.776604497354526
2022,3555208,Turiúba,-17,9.0,-17,-13.041812128238462,-13.166381650710946,9.612169312169309,-0.6121693121693088,0.6121693121693088
2022,3555307,Turmalina,-1,27.0,-1,-58.386956296396875,-59.181666596066634,5.963812169312171,21.03618783068783,21.03618783068783
2022,3555356,Ubarana,95,-36.0,95,-17.519884541478632,-18.344116422255183,107.47176058201056,-143.47176058201057,143.47176058201057
2022,3555406,Ubatuba,977,686.0,977,1071.168001577011,1068.9615003825654,937.87896031746,-251.87896031746004,251.87896031746004
2022,3555505,Ubirajara,-175,-45.0,-175,196.96854300115842,196.64598850560833,-56.00616269841267,11.006162698412673,11.006162698412673
2022,3555604,Uchoa,99,-36.0,99,33.23186670875725,32.87517263225777,75.98806349206349,-111.98806349206349,111.98806349206349
2022,3555703,União Paulista,13,-12.0,13,-47.44496699841466,-48.01381281196336,32.23411111111113,-44.23411111111113,44.23411111111113
2022,3555802,Urânia,31,-39.0,31,28.892828084490247,28.8471026524046,86.46770899470899,-125.46770899470899,125.46770899470899
2022,3555901,Uru,16,-3.0,16,-42.19033190302844,-42.506044935247246,4.900470899470902,-7.900470899470902,7.900470899470902
2022,3556008,Urupês,84,88.0,84,119.05061289349749,118.34437259539357,216.2241164021164,-128.2241164021164,128.2241164021164
2022,3556107,Valentim Gentil,-35,333.0,-35,219.38106322684678,218.63153043085345,304.785742063492,28.214257936507977,28.214257936507977
2022,3556206,Valinhos,1688,163.0,1688,2784.117373190078,2779.246666025653,2912.076138888888,-2749.076138888888,2749.076138888888
2022,3556305,Valparaíso,135,556.0,135,241.41764667510574,240.18464691509826,89.33770117845117,466.6622988215488,466.6622988215488
2022,3556354,Vargem,53,74.0,53,77.60937148609787,78.6903252291363,87.76215211640205,-13.76215211640205,13.76215211640205
2022,3556404,Vargem Grande do Sul,548,87.0,548,479.12449539969646,477.4852972599706,897.3430410052914,-810.3430410052914,810.3430410052914
2022,3556453,Vargem Grande Paulista,802,587.0,802,648.8758701442005,647.3464693941497,582.1523399470904,4.847660052909646,4.847660052909646
2022,3556503,Várzea Paulista,803,427.0,803,1213.998371559173,1213.7757512692085,770.2462949735444,-343.2462949735444,343.2462949735444
2022,3556602,Vera Cruz,45,-11.0,45,45.86796214038691,46.43354471160433,20.330042328042325,-31.330042328042325,31.330042328042325
2022,3556701,Vinhedo,1687,81.0,1687,2514.3433791377947,2513.253190654237,2238.3869695767194,-2157.3869695767194,2157.3869695767194
2022,3556800,Viradouro,28,-293.0,28,181.74647400043705,181.66499193305924,267.2278002645504,-560.2278002645504,560.2278002645504
2022,3556909,Vista Alegre do Alto,401,125.0,401,-32.57529935692537,-35.612209318609075,220.86938888888892,-95.86938888888892,95.86938888888892
2022,3556958,Vitória Brasil,-5,10.0,-5,2.020541862887285,2.467919380637568,7.389297619047623,2.610702380952377,2.610702380952377
2022,3557006,Votorantim,1154,662.0,1154,1296.5682171091328,1295.7169705526221,713.1122619047618,-51.112261904761795,51.112261904761795
2022,3557105,Votuporanga,-506,709.0,-506,1825.2548471369275,1821.4996468036722,1155.4893214285719,-446.4893214285719,446.4893214285719
2022,3557154,Zacarias,13,37.0,13,-77.36572499492445,-79.00019558177155,34.2208439153439,2.779156084656101,2.779156084656101
2022,3557204,Chavantes,75,1540.0,75,126.81634794750698,126.54156114323621,183.41806216931226,1356.5819378306878,1356.5819378306878
2022,3557303,Estiva Gerbi,111,-18.0,111,45.85142290631552,45.46230183250998,57.142833333333364,-75.14283333333336,75.14283333333336
