municipio,saldo_real_2023,saldo_previsto_random_forest,residuo
Lençóis Paulista,4160.0,1579.900689096744,2580.099310903256
Matão,2637.9999999999995,820.8518060771719,1817.1481939228277
Santana de Parnaíba,3787.0,2203.489279708685,1583.510720291315
Chavantes,1539.9999999999998,115.37115698675213,1424.6288430132477
Guariba,1277.0,327.57690149681525,949.4230985031847
Praia Grande,3184.0000000000005,2251.2637768536565,932.736223146344
Morro Agudo,1251.0,400.5449182041225,850.4550817958775
Dracena,1117.9999999999998,322.9103779659271,795.0896220340726
Cajamar,2389.0,1609.6932486645928,779.3067513354072
Bernardino de Campos,762.0,43.87209686780151,718.1279031321985
Colômbia,881.0,185.3817622038466,695.6182377961534
Aparecida,809.0,135.2416629065242,673.7583370934758
Santa Rita do Passa Quatro,687.0,16.16046628463396,670.8395337153661
Cabreúva,1396.0,772.0150232764271,623.9849767235729
Planalto,623.0,57.588290836992,565.411709163008
Luís Antônio,688.0,146.34498431428628,541.6550156857137
Bauru,4226.0,3702.3379563302738,523.6620436697262
Buritama,620.0000000000001,111.7044974394314,508.2955025605687
Salto de Pirapora,817.9999999999999,310.6929926387837,507.30700736121617
Pindamonhangaba,2007.0,1521.606860863447,485.3931391365529
