municipio,populacao_2022,pib_per_capita,saldo_real_2023,saldo_previsto_random_forest,residuo,erro_absoluto
São Paulo,11451999,82606.43,136109.0,161236.00874376684,-25127.00874376684,25127.00874376684
Osasco,728615,150848.76,328.99999999999994,15016.693429094465,-14687.693429094465,14687.693429094465
Barueri,316473,220131.79,4084.0,10705.438962344477,-6621.438962344477,6621.438962344477
São Caetano do Sul,165655,109432.61,-937.0,4150.776644666242,-5087.776644666242,5087.776644666242
Jundiaí,443221,144061.39,2332.0,7401.701032135433,-5069.701032135433,5069.701032135433
São Bernardo do Campo,810729,80979.47,4653.0,9112.46318165334,-4459.46318165334,4459.46318165334
Indaiatuba,255748,105343.64,3752.000000000001,7770.695264919058,-4018.695264919057,4018.695264919057
Franca,352536,37091.23,207.0,4196.266604563592,-3989.2666045635924,3989.2666045635924
Ribeirão Preto,698642,67932.56,5921.0,9411.868653954103,-3490.868653954103,3490.868653954103
Araraquara,242228,54472.97,288.0,3301.9761081759684,-3013.9761081759684,3013.9761081759684
Sorocaba,723682,75272.79,6189.0,9180.099700855411,-2991.0997008554114,2991.0997008554114
Embu das Artes,250691,66176.34,-32.00000000000001,2931.2891408062405,-2963.2891408062405,2963.2891408062405
Santo André,748919,48696.89,5975.0,8829.601745724738,-2854.601745724738,2854.601745724738
Americana,237240,70296.32,369.0,3185.569677594644,-2816.569677594644,2816.569677594644
São Carlos,254857,61217.79,673.0,3484.703811915685,-2811.703811915685,2811.703811915685
Lençóis Paulista,66505,88435.73,4160.0,1579.900689096744,2580.099310903256,2580.099310903256
Taboão da Serra,273542,40124.1,1054.0,3212.253682757498,-2158.253682757498,2158.253682757498
Vinhedo,76540,183416.35,80.99999999999999,2191.6615801526004,-2110.6615801526004,2110.6615801526004
São José dos Campos,697054,81231.79,6312.999999999999,8408.55764426381,-2095.557644263811,2095.557644263811
São Vicente,329911,20453.0,630.9999999999999,2645.0963068338688,-2014.0963068338688,2014.0963068338688
Limeira,291869,65366.55,1434.0,3365.907256705035,-1931.9072567050348,1931.9072567050348
Sumaré,279545,63507.32,1897.0,3760.882991794951,-1863.882991794951,1863.882991794951
Matão,79033,78294.18,2637.9999999999995,820.8518060771719,1817.1481939228277,1817.1481939228277
Itapevi,232297,64586.76,-305.99999999999994,1370.5438962860355,-1676.5438962860355,1676.5438962860355
Caçapava,96202,61020.82,-1051.0000000000002,567.5592706024006,-1618.5592706024008,1618.5592706024008
